userId|movieId|rating
1|2|3.5
1|29|3.5
1|32|3.5
1|47|3.5
1|50|3.5
1|112|3.5
1|151|4.0
1|223|4.0
1|253|4.0
1|260|4.0
1|293|4.0
1|296|4.0
1|318|4.0
1|337|3.5
1|367|3.5
1|541|4.0
1|589|3.5
1|593|3.5
1|653|3.0
1|919|3.5
1|924|3.5
1|1009|3.5
1|1036|4.0
1|1079|4.0
1|1080|3.5
1|1089|3.5
1|1090|4.0
1|1097|4.0
1|1136|3.5
1|1193|3.5
1|1196|4.5
1|1198|4.5
1|1200|4.0
1|1201|3.0
1|1208|3.5
1|1214|4.0
1|1215|4.0
1|1217|3.5
1|1219|4.0
1|1222|3.5
1|1240|4.0
1|1243|3.0
1|1246|3.5
1|1249|4.0
1|1258|4.0
1|1259|4.0
1|1261|3.5
1|1262|3.5
1|1266|4.0
1|1278|4.0
1|1291|3.5
1|1304|3.0
1|1321|4.0
1|1333|4.0
1|1348|3.5
1|1350|3.5
1|1358|4.0
1|1370|3.0
1|1374|4.0
1|1387|4.0
1|1525|3.0
1|1584|3.5
1|1750|3.5
1|1848|3.5
1|1920|3.5
1|1967|4.0
1|1994|3.5
1|1997|3.5
1|2021|4.0
1|2100|4.0
1|2118|4.0
1|2138|4.0
1|2140|4.0
1|2143|4.0
1|2173|4.0
1|2174|4.0
1|2193|4.0
1|2194|3.5
1|2253|3.5
1|2288|4.0
1|2291|4.0
1|2542|4.0
1|2628|4.0
1|2644|3.5
1|2648|3.5
1|2664|3.5
1|2683|3.5
1|2692|3.5
1|2716|3.5
1|2761|3.0
1|2762|4.0
1|2804|3.5
1|2872|4.0
1|2918|3.5
1|2944|4.0
1|2947|3.5
1|2959|4.0
1|2968|4.0
1|3000|3.5
1|3030|3.0
1|3037|3.5
1|3081|4.0
1|3153|4.0
1|3265|3.5
1|3438|3.5
1|3476|3.5
1|3479|4.0
1|3489|4.0
1|3499|4.0
1|3889|4.0
1|3932|3.0
1|3996|4.0
1|3997|3.5
1|4011|4.0
1|4027|4.0
1|4105|3.5
1|4128|4.0
1|4133|3.0
1|4226|3.5
1|4306|4.0
1|4446|3.5
1|4467|4.0
1|4571|4.0
1|4720|3.5
1|4754|4.0
1|4878|3.5
1|4896|4.0
1|4911|4.0
1|4915|3.0
1|4941|3.5
1|4980|3.5
1|4993|5.0
1|5026|4.0
1|5039|4.0
1|5040|3.0
1|5146|3.5
1|5171|4.0
1|5540|4.0
1|5679|3.5
1|5797|4.0
1|5816|4.0
1|5898|3.5
1|5952|5.0
1|5999|3.5
1|6093|4.0
1|6242|3.5
1|6333|4.0
1|6502|3.5
1|6539|4.0
1|6754|4.0
1|6755|3.5
1|6774|4.0
1|6807|3.5
1|6834|3.5
1|6888|3.0
1|7001|3.5
1|7045|3.5
1|7046|4.0
1|7153|5.0
1|7164|3.5
1|7247|3.5
1|7387|3.5
1|7389|4.0
1|7438|4.0
1|7449|3.5
1|7454|4.0
1|7482|3.0
1|7757|4.0
1|8368|4.0
1|8482|3.5
1|8507|5.0
1|8636|4.5
1|8690|3.5
1|8961|4.0
1|31696|4.0
2|3|4.0
2|62|5.0
2|70|5.0
2|110|4.0
2|242|3.0
2|260|5.0
2|266|5.0
2|469|3.0
2|480|5.0
2|541|5.0
2|589|5.0
2|891|2.0
2|908|4.0
2|924|5.0
2|1121|3.0
2|1196|5.0
2|1210|5.0
2|1214|5.0
2|1249|5.0
2|1259|5.0
2|1270|5.0
2|1327|5.0
2|1356|5.0
2|1544|5.0
2|1580|4.0
2|1673|4.0
2|1748|5.0
2|1965|3.0
2|1969|2.0
2|1970|2.0
2|1971|2.0
2|1972|2.0
2|1973|3.0
2|1974|5.0
2|1986|2.0
2|2291|2.0
2|2454|4.0
2|2455|4.0
2|2791|2.0
2|2858|3.0
2|2948|5.0
2|2951|4.0
2|3150|4.0
2|3159|3.0
2|3173|4.0
2|3450|5.0
2|3513|5.0
2|3534|3.0
2|3555|4.0
2|3565|3.0
2|3703|4.0
2|3753|4.0
2|3917|4.0
2|3918|3.0
2|3923|4.0
2|3926|4.0
2|3927|5.0
2|3928|5.0
2|3930|5.0
2|3937|4.0
2|3959|5.0
3|1|4.0
3|24|3.0
3|32|4.0
3|50|5.0
3|160|3.0
3|173|2.0
3|175|5.0
3|196|3.0
3|223|5.0
3|260|5.0
3|316|5.0
3|318|5.0
3|329|5.0
3|337|3.0
3|440|3.0
3|442|3.0
3|457|5.0
3|480|5.0
3|490|5.0
3|512|2.0
3|541|5.0
3|589|4.0
3|593|5.0
3|610|4.0
3|718|3.0
3|780|3.0
3|788|4.0
3|858|5.0
3|904|5.0
3|905|3.0
3|919|4.0
3|924|5.0
3|953|5.0
3|968|3.0
3|1037|3.0
3|1060|5.0
3|1073|5.0
3|1077|4.0
3|1079|4.0
3|1084|5.0
3|1089|5.0
3|1094|4.0
3|1097|5.0
3|1103|4.0
3|1125|4.0
3|1127|3.0
3|1129|5.0
3|1179|3.0
3|1188|2.0
3|1193|4.0
3|1196|5.0
3|1197|5.0
3|1198|5.0
3|1199|4.0
3|1200|4.0
3|1206|5.0
3|1208|5.0
3|1210|5.0
3|1213|5.0
3|1214|5.0
3|1215|4.0
3|1219|4.0
3|1220|5.0
3|1221|5.0
3|1222|5.0
3|1225|3.0
3|1228|3.0
3|1230|5.0
3|1240|5.0
3|1242|5.0
3|1247|5.0
3|1257|5.0
3|1258|5.0
3|1259|5.0
3|1261|5.0
3|1266|5.0
3|1270|5.0
3|1272|4.0
3|1276|5.0
3|1278|5.0
3|1288|2.0
3|1304|5.0
3|1307|4.0
3|1321|5.0
3|1330|3.0
3|1333|4.0
3|1345|4.0
3|1356|5.0
3|1372|3.0
3|1373|4.0
3|1374|5.0
3|1375|5.0
3|1376|4.0
3|1396|3.0
3|1544|4.0
3|1584|4.0
3|1603|4.0
3|1653|4.0
3|1674|4.0
3|1676|5.0
3|1721|4.0
3|1762|4.0
3|1779|3.0
3|1810|3.0
3|1831|5.0
3|1876|4.0
3|1882|4.0
3|1909|5.0
3|1917|4.0
3|1921|4.0
3|2009|5.0
3|2011|3.0
3|2012|3.0
3|2018|4.0
3|2028|4.0
3|2034|4.0
3|2046|5.0
3|2053|3.0
3|2054|4.0
3|2076|5.0
3|2093|5.0
3|2105|4.0
3|2117|5.0
3|2118|5.0
3|2140|4.0
3|2150|5.0
3|2236|4.0
3|2288|5.0
3|2311|4.0
3|2329|4.0
3|2366|4.0
3|2371|4.0
3|2391|5.0
3|2407|4.0
3|2428|4.0
3|2448|5.0
3|2455|4.0
3|2505|4.0
3|2528|4.0
3|2529|5.0
3|2530|4.0
3|2531|3.0
3|2532|4.0
3|2533|3.0
3|2541|1.0
3|2551|4.0
3|2567|3.0
3|2571|5.0
3|2574|3.0
3|2613|4.0
3|2615|4.0
3|2628|5.0
3|2640|4.0
3|2642|3.0
3|2643|1.0
3|2657|3.0
3|2662|3.0
3|2668|4.0
3|2676|1.0
3|2694|4.0
3|2699|3.0
3|2710|5.0
3|2722|4.0
3|2750|4.0
3|2788|5.0
3|2791|5.0
3|2797|4.0
3|2808|4.0
3|2857|3.0
3|2872|5.0
3|2900|3.0
3|2901|3.0
3|2916|4.0
3|2918|5.0
3|2947|4.0
3|2948|4.0
3|2949|4.0
3|2968|5.0
3|2985|5.0
3|2986|2.0
3|3033|5.0
3|3039|5.0
3|3070|4.0
3|3072|4.0
3|3098|4.0
3|3142|4.0
3|5060|5.0
4|6|3.0
4|10|4.0
4|19|3.0
4|32|1.0
4|165|3.0
4|329|3.0
4|350|4.0
4|356|4.0
4|367|3.0
4|368|4.0
4|370|4.0
4|377|4.0
4|380|3.0
4|420|3.0
4|431|4.0
4|440|3.0
4|454|5.0
4|480|4.0
4|489|4.0
4|519|3.0
4|520|4.0
4|531|3.0
4|548|3.0
4|586|4.0
4|589|4.0
4|594|4.0
4|596|4.0
4|733|5.0
5|2|3.0
5|11|5.0
5|17|3.0
5|60|3.0
5|62|5.0
5|104|2.0
5|110|4.0
5|140|2.0
5|141|5.0
5|150|5.0
5|224|2.0
5|235|3.0
5|260|5.0
5|282|4.0
5|316|4.0
5|318|5.0
5|350|4.0
5|364|5.0
5|367|3.0
5|368|5.0
5|370|4.0
5|376|4.0
5|377|5.0
5|380|5.0
5|440|5.0
5|454|5.0
5|457|5.0
5|475|4.0
5|480|4.0
5|491|4.0
5|500|5.0
5|508|5.0
5|515|3.0
5|529|4.0
5|531|5.0
5|587|4.0
5|588|5.0
5|589|5.0
5|590|5.0
5|593|3.0
5|594|5.0
5|595|5.0
5|608|3.0
5|631|3.0
5|648|3.0
5|671|5.0
5|708|3.0
5|720|5.0
5|736|5.0
5|780|5.0
5|788|3.0
5|832|5.0
5|1028|5.0
5|1035|5.0
5|1036|5.0
5|1042|4.0
5|1073|2.0
5|1079|5.0
5|1080|5.0
5|1097|5.0
5|1136|5.0
5|1196|5.0
5|1198|5.0
5|1210|5.0
5|1291|5.0
5|1393|5.0
6|1|5.0
6|3|3.0
6|7|5.0
6|17|5.0
6|52|5.0
6|62|5.0
6|135|3.0
6|140|4.0
6|141|5.0
6|260|4.0
6|494|4.0
6|628|4.0
6|648|5.0
6|653|4.0
6|708|4.0
6|719|3.0
6|733|3.0
6|736|2.0
6|743|3.0
6|762|3.0
6|780|3.0
6|788|4.0
6|802|3.0
6|1073|1.0
7|3|3.0
7|7|3.0
7|11|4.0
7|15|2.0
7|16|3.0
7|17|2.0
7|24|3.0
7|105|2.0
7|122|2.0
7|151|3.0
7|252|2.0
7|260|5.0
7|271|3.0
7|276|2.0
7|316|3.0
7|339|3.0
7|348|4.0
7|351|3.0
7|355|3.0
7|356|4.0
7|357|3.0
7|362|3.0
7|364|4.0
7|377|3.0
7|425|3.0
7|440|4.0
7|480|5.0
7|509|2.0
7|539|4.0
7|553|4.0
7|587|5.0
7|589|5.0
7|590|4.0
7|597|4.0
7|674|2.0
7|708|3.0
7|736|3.0
7|750|5.0
7|780|4.0
7|788|3.0
7|806|1.0
7|852|3.0
7|880|3.0
7|899|4.0
7|908|4.0
7|912|5.0
7|914|3.0
7|920|4.0
7|922|3.0
7|924|3.0
7|928|3.0
7|932|3.0
7|952|3.0
7|1017|4.0
7|1020|3.0
7|1077|5.0
7|1094|3.0
7|1095|1.0
7|1097|4.0
7|1101|3.0
7|1183|3.0
7|1196|5.0
7|1206|2.0
7|1210|5.0
7|1230|3.0
7|1247|4.0
7|1253|4.0
7|1256|5.0
7|1259|3.0
7|1265|4.0
7|1270|4.0
7|1271|4.0
7|1272|4.0
7|1301|3.0
7|1307|3.0
7|1343|3.0
7|1357|4.0
7|1385|4.0
7|1391|2.0
7|1393|3.0
7|1408|3.0
7|1409|2.0
7|1441|3.0
7|1449|4.0
7|1466|3.0
7|1513|2.0
7|1517|3.0
7|1544|4.0
7|1573|3.0
7|1580|3.0
7|1597|3.0
7|1617|3.0
7|1674|4.0
7|1682|2.0
7|1721|5.0
7|1777|4.0
7|1882|3.0
7|1888|3.0
7|1894|3.0
7|1911|4.0
7|1917|4.0
7|1932|3.0
7|1964|3.0
7|2011|4.0
7|2012|4.0
7|2013|3.0
7|2018|4.0
7|2028|5.0
7|2054|3.0
7|2067|3.0
7|2080|4.0
7|2081|3.0
7|2108|3.0
7|2112|3.0
7|2125|3.0
7|2146|3.0
7|2195|2.0
7|2243|3.0
7|2266|2.0
7|2297|3.0
7|2311|3.0
7|2316|3.0
7|2333|3.0
7|2346|3.0
7|2363|3.0
7|2367|3.0
7|2384|3.0
7|2385|2.0
7|2390|4.0
7|2396|3.0
7|2403|4.0
7|2405|4.0
7|2407|4.0
7|2424|3.0
7|2427|3.0
7|2463|4.0
7|2468|2.0
7|2469|3.0
7|2478|2.0
7|2498|2.0
7|2529|4.0
7|2535|3.0
7|2546|3.0
7|2558|3.0
7|2598|3.0
7|2628|4.0
7|2633|3.0
7|2640|4.0
7|2641|4.0
7|2642|3.0
7|2654|4.0
7|2657|2.0
7|2664|4.0
7|2671|4.0
7|2683|3.0
7|2694|3.0
7|2701|3.0
7|2716|4.0
7|2722|3.0
7|2723|3.0
7|2734|2.0
7|2752|4.0
7|2762|5.0
7|2770|2.0
7|2858|3.0
7|2861|3.0
7|2881|4.0
7|2908|4.0
7|2916|3.0
7|2942|5.0
7|2950|3.0
7|2959|4.0
7|2968|2.0
7|2987|4.0
7|2993|4.0
7|3004|2.0
7|3032|2.0
7|3033|2.0
7|3037|4.0
7|3039|3.0
7|3062|3.0
7|3074|3.0
7|3081|2.0
7|3086|4.0
7|3103|2.0
7|3108|3.0
7|3118|3.0
7|3156|3.0
7|3175|2.0
7|3176|2.0
7|3179|5.0
7|3185|3.0
7|3194|4.0
7|3199|2.0
7|3219|2.0
7|3235|3.0
7|3244|3.0
7|3334|3.0
7|3341|4.0
7|3354|3.0
7|3363|4.0
7|3408|4.0
7|3417|5.0
7|3448|4.0
7|3469|4.0
7|3479|5.0
7|3501|3.0
7|3510|4.0
7|3512|4.0
7|3524|4.0
7|3526|3.0
7|3527|3.0
7|3528|2.0
7|3578|5.0
7|3593|2.0
7|3671|4.0
7|3684|3.0
7|3699|4.0
7|3701|3.0
7|3717|2.0
7|3753|4.0
7|3754|2.0
7|3793|4.0
7|3798|2.0
7|3824|2.0
7|3826|4.0
7|3827|3.0
7|3844|3.0
7|3864|3.0
7|3911|4.0
7|3926|3.0
7|3932|4.0
7|3959|4.0
7|3977|4.0
7|3978|3.0
7|3987|4.0
7|3988|4.0
7|3994|3.0
7|4018|3.0
7|4019|4.0
7|4023|3.0
7|4041|4.0
7|4062|3.0
7|4155|3.0
7|4186|4.0
7|4270|3.0
7|4306|5.0
7|4308|4.0
7|4310|3.0
7|4317|3.0
7|4339|4.0
7|4349|3.0
7|4361|3.0
7|4368|3.0
7|4370|2.0
7|4464|2.0
7|4503|3.0
7|4545|4.0
7|4603|2.0
7|4626|4.0
7|4638|4.0
7|4639|2.0
7|4643|4.0
7|4661|2.0
7|4700|3.0
7|4736|3.0
7|4799|5.0
7|4848|1.0
7|4867|4.0
7|4874|4.0
7|4896|3.0
7|4963|5.0
7|4993|4.0
7|4994|4.0
7|4995|3.0
7|5009|3.0
8|1|4.0
8|3|5.0
8|6|3.0
8|10|4.0
8|19|1.0
8|21|4.0
8|39|3.0
8|47|5.0
8|48|4.0
8|110|5.0
8|150|4.0
8|153|3.0
8|161|4.0
8|165|3.0
8|168|3.0
8|172|1.0
8|173|3.0
8|185|2.0
8|207|4.0
8|208|3.0
8|231|3.0
8|236|4.0
8|253|4.0
8|266|5.0
8|276|3.0
8|277|4.0
8|288|5.0
8|292|4.0
8|296|5.0
8|316|2.0
8|329|3.0
8|338|2.0
8|339|4.0
8|344|3.0
8|349|5.0
8|350|4.0
8|353|3.0
8|355|2.0
8|356|5.0
8|357|4.0
8|364|4.0
8|367|3.0
8|372|4.0
8|377|4.0
8|380|4.0
8|381|4.0
8|434|5.0
8|442|4.0
8|454|4.0
8|457|5.0
8|480|4.0
8|500|4.0
8|508|3.0
8|527|5.0
8|539|4.0
8|550|4.0
8|551|4.0
8|552|3.0
8|553|5.0
8|587|4.0
8|588|3.0
8|589|5.0
8|590|5.0
8|592|4.0
8|593|5.0
8|595|3.0
8|597|5.0
8|610|4.0
8|648|5.0
8|733|4.0
9|356|4.0
9|858|5.0
9|1219|3.0
9|1911|3.0
9|1923|4.0
9|1997|5.0
9|2279|3.0
9|2605|2.0
9|2683|3.0
9|2688|3.0
9|2706|4.0
9|2710|3.0
9|2719|2.0
9|2722|2.0
9|2840|3.0
9|2841|4.0
9|2959|5.0
9|3016|2.0
9|3785|2.0
9|3798|5.0
9|3857|3.0
9|3908|2.0
9|3979|3.0
9|3994|3.0
9|3999|2.0
9|4022|4.0
9|4030|2.0
9|4034|1.0
9|4148|5.0
9|4369|4.0
9|4483|2.0
9|4502|1.0
9|4509|3.0
9|4519|2.0
9|4533|3.0
10|1|4.0
10|11|4.0
10|25|4.0
10|260|4.0
10|356|3.0
10|527|5.0
10|858|5.0
10|912|4.0
10|969|4.0
10|1094|3.0
10|1136|4.0
10|1196|4.0
10|1198|4.0
10|1204|3.0
10|1208|4.0
10|1210|4.0
10|1221|5.0
10|1222|3.0
10|1230|4.0
10|1240|4.0
10|1242|4.0
10|1247|5.0
10|1250|4.0
10|1304|3.0
10|1387|5.0
10|1721|4.0
10|1960|3.0
10|2028|4.0
10|2058|3.0
10|2194|4.0
10|2384|4.0
10|2529|3.0
10|2657|4.0
10|2797|4.0
10|2944|4.0
10|2948|4.0
10|3062|4.0
10|3107|3.0
11|1|4.5
11|10|2.5
11|19|3.5
11|32|5.0
11|39|4.5
11|65|2.0
11|110|4.0
11|145|3.0
11|150|5.0
11|153|3.5
11|158|4.0
11|160|4.0
11|165|4.0
11|170|5.0
11|172|5.0
11|173|5.0
11|185|4.0
11|208|4.5
11|231|4.0
11|253|4.5
11|256|5.0
11|260|5.0
11|286|0.5
11|296|3.5
11|316|3.5
11|318|5.0
11|344|3.5
11|356|5.0
11|364|4.0
11|367|4.0
11|377|4.0
11|380|5.0
11|384|3.5
11|405|3.5
11|410|4.0
11|441|1.5
11|442|4.5
11|480|5.0
11|500|4.5
11|519|1.0
11|527|4.5
11|531|4.5
11|541|4.5
11|546|5.0
11|551|5.0
11|586|4.0
11|587|4.5
11|588|5.0
11|589|4.5
11|592|4.5
11|593|5.0
11|595|4.5
11|597|4.5
11|608|3.5
11|610|4.0
11|611|3.5
11|616|4.0
11|631|2.0
11|648|4.0
11|653|4.5
11|671|0.5
11|673|5.0
11|736|5.0
11|741|4.5
11|761|3.5
11|780|5.0
11|784|3.5
11|828|4.0
11|858|2.5
11|880|5.0
11|968|5.0
11|1028|4.0
11|1029|3.5
11|1032|4.0
11|1036|4.0
11|1046|4.5
11|1064|3.0
11|1073|5.0
11|1077|0.5
11|1093|3.0
11|1097|4.5
11|1136|4.5
11|1168|4.5
11|1169|1.5
11|1196|5.0
11|1197|4.0
11|1198|4.0
11|1200|5.0
11|1210|4.5
11|1213|1.5
11|1214|5.0
11|1215|3.0
11|1225|5.0
11|1240|5.0
11|1253|4.0
11|1255|4.0
11|1270|5.0
11|1274|5.0
11|1291|4.5
11|1320|5.0
11|1321|4.0
11|1339|5.0
11|1367|3.5
11|1387|4.0
11|1391|4.0
11|1432|1.0
11|1527|4.5
11|1544|5.0
11|1580|5.0
11|1584|4.0
11|1591|5.0
11|1653|5.0
11|1676|4.5
11|1688|3.0
11|1690|5.0
11|1721|4.0
11|1748|5.0
11|1862|1.0
11|1876|4.5
11|1882|4.0
11|1917|5.0
11|1961|3.5
11|1977|0.5
11|1982|1.0
11|2004|4.5
11|2011|5.0
11|2012|5.0
11|2018|4.0
11|2023|2.0
11|2028|5.0
11|2042|4.0
11|2105|4.5
11|2107|0.5
11|2123|2.5
11|2124|3.5
11|2134|5.0
11|2140|5.0
11|2143|3.0
11|2153|3.5
11|2232|4.5
11|2240|4.5
11|2291|5.0
11|2294|3.5
11|2313|4.5
11|2355|4.0
11|2378|3.0
11|2396|4.5
11|2420|3.0
11|2428|5.0
11|2455|5.0
11|2571|5.0
11|2572|5.0
11|2600|5.0
11|2628|4.5
11|2641|3.0
11|2642|4.0
11|2683|0.5
11|2688|3.5
11|2706|4.0
11|2716|5.0
11|2717|4.5
11|2720|4.0
11|2722|4.5
11|2761|4.5
11|2762|5.0
11|2793|5.0
11|2810|3.5
11|2827|4.0
11|2840|4.0
11|2858|5.0
11|2916|5.0
11|2959|4.5
11|2985|3.5
11|2990|0.5
11|3000|5.0
11|3033|4.0
11|3054|4.0
11|3083|3.5
11|3113|5.0
11|3114|5.0
11|3159|5.0
11|3213|3.0
11|3247|4.5
11|3269|5.0
11|3300|4.0
11|3396|0.5
11|3438|4.5
11|3525|5.0
11|3527|4.5
11|3535|2.0
11|3578|4.5
11|3697|4.5
11|3702|4.0
11|3703|3.0
11|3704|3.5
11|3745|4.5
11|3752|3.5
11|3753|5.0
11|3793|5.0
11|3826|3.5
11|3863|3.5
11|3864|4.0
11|3892|4.0
11|3897|4.0
11|3969|5.0
11|3980|4.0
11|3988|4.0
11|3991|3.0
11|3994|5.0
11|4006|2.0
11|4015|2.0
11|4052|2.5
11|4054|4.0
11|4105|2.0
11|4133|3.5
11|4226|5.0
11|4232|2.5
11|4235|5.0
11|4246|3.0
11|4262|2.0
11|4299|5.0
11|4306|4.5
11|4340|4.0
11|4343|3.0
11|4366|4.5
11|4370|5.0
11|4388|5.0
11|4446|4.5
11|4492|4.0
11|4533|3.5
11|4571|5.0
11|4638|5.0
11|4643|4.5
11|4718|3.0
11|4792|4.0
11|4850|3.0
11|4868|2.5
11|4878|5.0
11|4887|5.0
11|4896|5.0
11|4973|3.5
11|4974|4.5
11|4993|5.0
11|4995|4.0
11|5046|4.5
11|5151|4.0
11|5152|4.5
11|5171|5.0
11|5219|5.0
11|5220|3.0
11|5225|4.0
11|5266|4.5
11|5283|4.0
11|5299|4.5
11|5323|3.0
11|5349|5.0
11|5377|5.0
11|5378|4.5
11|5400|3.5
11|5444|4.5
11|5445|4.5
11|5459|5.0
11|5463|4.5
11|5502|4.5
11|5618|4.5
11|5669|5.0
11|5782|4.0
11|5816|5.0
11|5882|5.0
11|5903|5.0
11|5952|5.0
11|5971|5.0
11|6016|5.0
11|6094|4.0
11|6250|5.0
11|6264|2.5
11|6281|5.0
11|6283|2.5
11|6287|1.0
11|6291|5.0
11|6294|4.0
11|6333|5.0
11|6365|5.0
11|6377|5.0
11|6378|3.5
11|6383|3.0
11|6502|5.0
11|6503|3.5
11|6534|4.0
11|6537|3.5
11|6539|5.0
11|6541|4.0
11|6548|2.5
11|6586|3.0
11|6624|2.0
11|6659|4.5
11|6711|2.0
11|6731|4.5
11|6795|2.5
11|6863|5.0
11|6874|4.0
11|6934|5.0
11|6953|4.5
11|6979|5.0
11|6996|4.0
11|7022|4.5
11|7099|4.5
11|7153|5.0
11|7163|4.5
11|7173|4.5
11|7254|5.0
11|7293|4.5
11|7345|2.0
11|7361|5.0
11|7439|3.5
11|7444|5.0
11|7458|4.5
11|7481|5.0
11|7541|4.5
11|7845|4.0
11|7846|3.5
11|8169|5.0
11|8361|4.5
11|8368|4.0
11|8371|4.5
11|8578|2.0
11|8622|3.5
11|8636|4.5
11|8640|4.0
11|8641|3.0
11|8644|5.0
11|8800|2.0
11|8810|5.0
11|8861|2.5
11|8865|4.0
11|8870|4.5
11|8907|4.0
11|8965|5.0
11|8972|4.5
11|8973|5.0
11|8977|3.5
11|26462|3.0
11|26509|5.0
11|26887|3.5
11|26913|4.5
11|27311|3.0
11|27338|2.0
11|27368|4.0
11|27441|5.0
11|27608|5.0
11|27660|5.0
11|27728|4.5
11|27793|0.5
11|27865|1.0
11|27904|5.0
11|30707|5.0
11|30793|5.0
11|30812|4.0
11|31184|5.0
11|31429|5.0
11|31553|4.0
11|31555|5.0
11|31658|5.0
11|31660|4.5
11|31878|5.0
11|32031|3.5
11|32213|4.5
11|33085|5.0
11|33166|4.5
11|33493|5.0
11|33585|5.0
11|33660|4.0
11|33679|4.5
11|33794|4.0
11|34048|5.0
11|34150|4.0
11|34319|4.0
11|34334|0.5
11|34338|4.0
11|34542|5.0
11|35836|5.0
11|36401|4.0
11|36509|3.5
11|36931|4.5
11|37380|2.0
11|37386|1.5
11|37830|5.0
11|39446|1.5
11|40339|3.0
11|41566|4.5
11|41569|5.0
11|41571|5.0
11|42718|3.5
11|43419|2.0
11|43556|5.0
11|43928|2.5
11|43932|3.5
11|43936|2.5
11|44189|1.5
11|44191|4.0
11|44225|0.5
11|44731|5.0
11|44828|0.5
11|44849|4.5
11|45361|5.0
11|45499|5.0
11|45722|4.5
11|46530|3.0
11|46578|5.0
11|47124|3.5
11|48304|5.0
11|48394|4.5
11|48516|4.5
11|48738|4.0
11|48774|4.0
11|48943|1.0
11|49205|4.5
11|49278|4.5
11|50162|3.5
11|50442|3.0
11|50872|4.5
11|51412|4.0
11|51662|5.0
11|51666|3.0
11|51698|3.5
11|52281|4.0
11|52287|3.5
11|52328|5.0
11|52722|4.5
11|52885|4.5
11|53000|5.0
11|53125|4.0
11|53464|4.5
11|53953|4.5
11|53996|4.5
11|54001|5.0
11|54278|3.0
11|54771|4.5
11|54995|4.0
11|55190|4.0
11|55232|3.0
11|55282|2.0
11|55603|3.0
11|55999|4.5
11|56003|1.0
11|56145|5.0
11|56174|5.0
11|56251|3.0
11|56757|5.0
11|56801|5.0
11|56949|4.0
11|57223|1.5
11|57368|3.5
11|57509|3.5
11|57640|4.5
11|57949|5.0
11|58025|3.0
11|58293|4.5
11|58559|5.0
11|58652|5.0
11|59014|2.0
11|59315|5.0
11|59376|0.5
11|59418|5.0
11|59615|2.5
11|60037|5.0
11|60040|4.0
11|60069|5.0
11|60161|2.0
11|60514|3.5
11|60516|3.0
11|60524|4.0
11|60684|5.0
11|60760|4.5
11|60832|4.5
11|61248|1.5
11|61465|3.0
11|62265|4.0
11|62956|2.0
11|63859|4.5
11|64034|4.5
11|64497|5.0
11|64508|0.5
11|64614|4.0
11|64997|5.0
11|64999|0.5
11|65037|3.0
11|65514|4.0
11|66171|4.5
11|66297|3.0
11|67197|4.0
11|67295|4.0
11|67365|3.5
11|67799|0.5
11|67867|2.5
11|68263|0.5
11|68319|5.0
11|69526|5.0
11|69945|4.5
11|70227|2.5
11|70305|0.5
11|71282|5.0
11|72641|5.0
11|82095|1.0
12|1|4.0
12|3|3.0
12|5|2.0
12|6|3.0
12|7|3.0
12|17|3.0
12|32|3.0
12|34|4.0
12|36|4.0
12|95|3.0
12|104|4.0
12|110|4.0
12|208|3.0
12|231|3.0
12|260|4.0
12|344|4.0
12|356|4.0
12|364|4.0
12|376|3.0
12|380|4.0
12|480|3.0
12|494|3.0
12|527|4.0
12|585|3.0
12|589|4.0
12|590|3.0
12|595|4.0
12|608|5.0
12|648|3.0
12|653|4.0
12|733|4.0
12|736|3.0
12|780|3.0
12|784|4.0
12|786|4.0
12|788|4.0
13|1|4.0
13|2|3.0
13|10|3.0
13|11|4.0
13|19|3.0
13|32|5.0
13|34|1.0
13|39|3.0
13|47|5.0
13|95|4.0
13|110|5.0
13|150|5.0
13|153|3.0
13|160|4.0
13|161|5.0
13|165|3.0
13|173|3.0
13|185|4.0
13|225|4.0
13|231|3.0
13|236|3.0
13|253|5.0
13|266|5.0
13|282|3.0
13|292|5.0
13|296|5.0
13|300|2.0
13|315|4.0
13|316|3.0
13|317|3.0
13|318|5.0
13|339|3.0
13|344|3.0
13|349|3.0
13|350|4.0
13|356|5.0
13|357|3.0
13|364|3.0
13|367|4.0
13|377|4.0
13|380|2.0
13|410|3.0
13|420|4.0
13|432|3.0
13|434|4.0
13|435|4.0
13|442|4.0
13|457|5.0
13|474|4.0
13|480|3.0
13|500|5.0
13|508|5.0
13|509|4.0
13|527|5.0
13|539|3.0
13|553|5.0
13|588|1.0
13|589|4.0
13|590|4.0
13|592|3.0
13|595|2.0
13|597|5.0
14|1|4.5
14|7|3.5
14|17|5.0
14|34|3.0
14|62|4.0
14|150|5.0
14|252|4.0
14|260|4.0
14|277|4.0
14|314|4.0
14|316|3.0
14|339|4.5
14|344|2.0
14|356|4.0
14|364|4.5
14|368|4.5
14|440|4.5
14|452|4.5
14|457|3.5
14|468|3.5
14|471|5.0
14|480|4.0
14|497|4.5
14|500|2.0
14|520|2.0
14|529|5.0
14|534|4.0
14|539|1.5
14|551|2.0
14|552|3.5
14|586|2.5
14|587|2.5
14|588|4.0
14|594|3.5
14|595|4.5
14|728|4.5
14|745|4.0
14|780|3.0
14|783|3.0
14|802|3.0
14|838|4.0
14|898|4.5
14|899|3.5
14|902|3.0
14|910|2.0
14|911|4.0
14|924|3.5
14|927|3.5
14|951|3.5
14|953|3.5
14|954|4.5
14|955|4.5
14|1010|3.5
14|1013|3.5
14|1020|3.0
14|1022|4.0
14|1023|4.5
14|1028|3.0
14|1042|3.5
14|1073|3.0
14|1097|3.5
14|1101|3.0
14|1136|4.0
14|1148|5.0
14|1177|3.5
14|1196|4.0
14|1197|4.5
14|1198|3.0
14|1204|4.5
14|1207|5.0
14|1210|4.0
14|1228|1.0
14|1243|5.0
14|1246|4.5
14|1262|4.5
14|1265|4.5
14|1269|4.5
14|1270|4.0
14|1271|4.0
14|1282|3.5
14|1291|4.0
14|1302|3.0
14|1396|5.0
14|1441|2.5
14|1580|3.5
14|1610|4.5
14|1682|4.5
14|1689|5.0
14|1721|2.0
14|1947|4.0
14|1954|2.5
14|1957|4.5
14|1962|2.5
14|2009|1.0
14|2010|3.5
14|2012|4.0
14|2018|3.0
14|2046|3.0
14|2049|3.0
14|2054|2.5
14|2059|4.5
14|2078|4.0
14|2081|3.0
14|2083|4.0
14|2087|3.5
14|2094|4.0
14|2100|3.0
14|2105|3.5
14|2115|3.5
14|2125|4.5
14|2150|4.5
14|2161|3.5
14|2174|3.0
14|2193|3.5
14|2294|3.5
14|2324|4.5
14|2355|3.5
14|2394|5.0
14|2405|3.0
14|2406|3.0
14|2414|4.0
14|2420|3.0
14|2424|3.0
14|2470|3.0
14|2501|4.5
14|2559|1.0
14|2571|3.0
14|2628|2.5
14|2687|4.5
14|2716|3.5
14|2724|4.5
14|2761|4.0
14|2791|2.5
14|2797|3.5
14|2804|3.5
14|2918|3.0
14|2966|3.5
14|2987|3.0
14|3033|3.0
14|3088|4.5
14|3097|4.0
14|3114|4.5
14|3156|3.0
14|3175|4.5
14|3269|2.5
14|3347|3.0
14|3360|4.0
14|3396|4.0
14|3397|4.0
14|3471|4.0
14|3512|4.5
14|3548|3.5
14|3675|4.0
14|3723|4.0
14|3751|4.5
14|3809|4.0
14|3916|4.0
14|4022|4.5
14|4027|3.5
14|4306|3.5
14|4366|3.5
14|4499|3.5
14|4535|4.0
14|4886|4.5
14|4896|4.0
14|4921|4.5
14|4995|5.0
14|5066|4.0
14|5218|4.0
14|5267|4.0
14|5299|4.5
14|5303|4.0
14|5309|2.5
14|5349|2.5
14|5380|4.5
14|5470|4.0
14|5602|3.0
14|5620|4.0
14|5629|4.5
14|5667|4.0
14|5747|3.5
14|5957|4.5
14|6297|5.0
14|6358|3.5
14|6377|4.5
14|6424|5.0
14|6533|4.0
14|6550|4.0
14|6639|3.0
14|6662|3.5
14|6753|5.0
14|6776|4.5
14|6863|1.0
14|6936|3.5
14|6979|3.5
14|7075|4.0
14|7161|4.0
14|7263|4.5
14|7395|4.0
14|8039|4.0
14|8360|4.5
14|8376|3.5
14|8529|3.5
14|8574|4.0
14|8580|4.0
14|8633|3.5
14|8695|4.0
14|8884|3.0
14|8961|4.0
14|8965|4.5
14|8970|4.0
14|8984|3.5
14|25752|4.0
14|26084|4.0
14|26133|4.0
14|26294|4.0
14|27706|4.5
14|31658|4.0
14|36401|1.5
14|36525|4.5
14|37739|4.0
14|38038|3.5
14|40339|4.0
14|40629|4.5
14|41566|4.5
14|44022|4.0
14|44709|5.0
14|45431|5.0
14|45517|4.5
14|45668|3.5
14|46062|3.5
14|46976|4.5
14|48982|4.0
14|50160|4.5
14|50872|4.5
14|51471|5.0
14|52287|5.0
14|53464|2.5
14|54004|1.0
14|55267|3.0
14|56915|3.5
14|60069|5.0
14|60487|4.0
15|10|2.0
15|11|3.0
15|14|2.0
15|17|3.0
15|21|3.0
15|34|4.0
15|36|3.0
15|39|3.0
15|50|3.0
15|141|3.0
15|150|4.0
15|153|2.0
15|161|3.0
15|165|2.0
15|231|3.0
15|246|4.0
15|296|3.0
15|300|3.0
15|318|3.0
15|326|3.0
15|329|3.0
15|344|3.0
15|349|3.0
15|356|5.0
15|364|4.0
15|377|3.0
15|380|3.0
15|434|2.0
15|440|3.0
15|457|4.0
15|474|4.0
15|480|3.0
15|497|3.0
15|500|3.0
15|508|3.0
15|515|4.0
15|527|5.0
15|534|3.0
15|539|4.0
15|586|3.0
15|588|3.0
15|590|3.0
15|592|3.0
15|593|3.0
15|594|4.0
15|595|3.0
15|596|4.0
15|608|4.0
15|780|3.0
16|1|3.0
16|6|3.0
16|39|4.0
16|122|4.0
16|223|3.0
16|356|4.0
16|539|3.0
16|550|5.0
16|587|5.0
16|915|3.0
16|916|5.0
16|934|4.0
16|1060|3.0
16|1126|3.0
16|1136|3.0
16|1197|5.0
16|1257|2.0
16|1265|5.0
16|1285|2.0
16|1307|3.0
16|1380|5.0
16|1394|2.0
16|1500|5.0
16|1580|4.0
16|1753|5.0
16|1923|4.0
16|2100|3.0
16|2144|4.0
16|2245|3.0
16|2248|4.0
16|2262|3.0
16|2372|3.0
16|2396|3.0
16|2406|4.0
16|2407|2.0
16|2470|4.0
16|2716|5.0
16|2747|1.0
16|2759|2.0
16|2791|4.0
16|2858|2.0
16|2867|3.0
16|2889|3.0
16|2918|3.0
16|2924|5.0
16|2997|2.0
16|3101|3.0
16|3210|4.0
16|3461|4.0
16|3477|3.0
16|3536|1.0
16|3548|5.0
16|3608|3.0
16|3760|5.0
16|3773|3.0
16|3868|5.0
16|4066|4.0
16|4085|4.0
16|4089|4.0
16|4321|3.0
17|6|4.0
17|110|4.0
17|377|3.0
17|457|5.0
17|480|3.0
17|648|3.0
17|1233|4.0
17|1270|4.0
17|1580|4.0
17|1608|4.0
17|1610|4.0
17|1876|3.0
17|2002|3.0
17|2028|5.0
17|2353|4.0
17|2683|5.0
17|3082|4.0
17|3101|5.0
17|3256|5.0
17|3578|5.0
17|3753|5.0
17|3755|4.0
17|3996|4.0
17|4019|4.0
17|4639|4.0
17|4700|3.0
18|186|4.0
18|260|1.0
18|296|4.0
18|318|4.5
18|356|4.0
18|383|3.0
18|426|1.0
18|480|1.5
18|527|4.0
18|588|4.0
18|592|3.0
18|593|3.5
18|608|4.0
18|830|2.0
18|858|4.0
18|912|5.0
18|1201|5.0
18|1206|4.0
18|1209|4.0
18|1211|4.5
18|1221|3.5
18|1230|4.5
18|1247|4.0
18|1252|4.5
18|1270|2.0
18|1283|4.0
18|1305|4.5
18|1371|2.0
18|1417|3.0
18|1580|2.5
18|1641|4.0
18|1784|4.0
18|1952|4.0
18|1955|2.5
18|1958|2.0
18|2023|2.5
18|2085|3.0
18|2289|4.0
18|2375|2.0
18|2402|1.0
18|2403|1.0
18|2404|1.0
18|2571|3.0
18|2641|2.5
18|2739|3.0
18|2762|3.5
18|2858|3.5
18|2950|2.0
18|2997|4.0
18|3083|5.0
18|3426|4.0
18|3507|4.0
18|3812|3.5
18|3967|3.5
18|4041|3.0
18|4280|4.0
18|4306|3.0
18|4313|2.5
18|4428|3.5
18|4447|2.0
18|4967|5.0
18|4973|5.0
18|4993|3.0
18|5225|5.0
18|5299|3.0
18|5477|4.5
18|5608|4.0
18|5613|3.5
18|5878|5.0
18|6016|5.0
18|6197|5.0
18|6291|5.0
18|6711|3.5
18|6772|1.0
18|6942|3.5
18|7034|4.0
18|7234|5.0
18|7323|5.0
18|7361|5.0
18|7456|4.0
18|7767|5.0
18|8254|4.5
18|8360|2.5
18|8645|4.0
18|8981|3.0
18|27803|5.0
18|30749|4.0
18|31410|4.5
18|39183|4.5
18|40815|3.0
18|41527|5.0
18|42197|4.5
18|43376|4.0
18|44204|4.0
18|44555|5.0
18|44694|4.0
18|45726|2.5
18|45950|3.5
18|46976|4.0
18|51084|4.0
18|51174|4.5
18|52375|3.5
18|55052|4.5
18|55100|2.5
18|55820|4.0
18|56788|3.5
18|57792|4.0
18|58315|2.0
18|59018|5.0
18|59118|4.0
18|59382|1.0
18|60482|5.0
18|60950|3.0
18|61075|4.5
18|63062|4.5
18|64701|4.5
18|65465|2.5
18|69122|4.5
18|70293|3.0
18|71033|4.5
18|78637|3.0
19|1|5.0
19|3|4.0
19|6|5.0
19|7|5.0
19|14|4.0
19|17|4.0
19|25|3.0
19|32|2.0
19|55|3.0
19|61|4.0
19|62|5.0
19|67|3.0
19|74|4.0
19|76|3.0
19|79|3.0
19|86|5.0
19|88|4.0
19|92|3.0
19|95|3.0
19|100|4.0
19|101|3.0
19|112|5.0
19|135|4.0
19|141|5.0
19|376|4.0
19|494|4.0
19|608|5.0
19|609|4.0
19|628|4.0
19|637|3.0
19|648|3.0
19|656|5.0
19|661|3.0
19|694|4.0
19|707|3.0
19|710|5.0
19|719|3.0
19|724|4.0
19|725|4.0
19|733|4.0
19|736|4.0
19|761|3.0
19|780|4.0
19|785|3.0
19|786|4.0
19|788|4.0
19|802|4.0
19|828|3.0
19|880|3.0
19|1073|5.0
20|16|4.0
20|19|2.5
20|111|4.5
20|235|3.5
20|370|2.0
20|442|2.0
20|474|2.0
20|1080|4.0
20|1208|4.5
20|1221|4.0
20|1291|4.0
20|1884|5.0
20|1923|2.5
20|1961|3.0
20|1994|4.0
20|2012|3.5
20|2023|4.0
20|2054|2.5
20|2115|3.5
20|2571|4.0
20|2710|4.0
20|2987|3.0
20|3176|3.0
20|3785|3.0
20|4306|3.5
20|4351|3.5
20|5952|3.5
20|6807|3.5
21|6|4.0
21|16|5.0
21|32|4.0
21|50|5.0
21|111|4.0
21|223|3.0
21|235|3.0
21|260|5.0
21|262|4.0
21|293|2.0
21|296|5.0
21|318|5.0
21|319|3.0
21|322|3.0
21|337|3.0
21|364|3.0
21|474|4.0
21|527|5.0
21|541|5.0
21|562|4.0
21|589|4.0
21|593|5.0
21|594|3.0
21|608|4.0
21|760|3.0
21|778|4.0
21|858|5.0
21|912|4.0
21|920|3.0
21|923|4.0
21|924|5.0
21|953|3.0
21|954|3.0
21|968|5.0
21|1022|3.0
21|1036|4.0
21|1054|1.0
21|1060|4.0
21|1079|4.0
21|1080|2.0
21|1089|5.0
21|1097|4.0
21|1179|3.0
21|1193|5.0
21|1196|5.0
21|1197|4.0
21|1201|5.0
21|1203|3.0
21|1206|4.0
21|1207|5.0
21|1210|5.0
21|1213|5.0
21|1214|5.0
21|1215|3.0
21|1218|5.0
21|1219|4.0
21|1222|4.0
21|1228|5.0
21|1245|4.0
21|1250|4.0
21|1252|4.0
21|1259|5.0
21|1262|4.0
21|1263|4.0
21|1266|4.0
21|1270|4.0
21|1274|2.0
21|1276|4.0
21|1277|3.0
21|1278|2.0
21|1282|3.0
21|1285|4.0
21|1288|4.0
21|1291|4.0
21|1297|3.0
21|1387|4.0
21|1393|4.0
21|1394|3.0
21|1411|3.0
21|1449|4.0
21|1458|3.0
21|1500|3.0
21|1617|5.0
21|1639|3.0
21|1641|3.0
21|1673|5.0
21|1704|4.0
21|1732|2.0
21|1921|4.0
21|1945|4.0
21|1952|4.0
21|1960|3.0
21|1961|4.0
21|1997|5.0
21|2005|4.0
21|2018|3.0
21|2020|3.0
21|2085|3.0
21|2118|4.0
21|2159|3.0
21|2160|5.0
21|2288|5.0
21|2318|3.0
21|2329|4.0
21|2395|4.0
21|2425|3.0
21|2542|4.0
21|2563|3.0
21|2664|3.0
21|2728|4.0
21|2761|4.0
21|2762|4.0
21|2795|3.0
21|2797|4.0
21|2819|4.0
21|2858|4.0
21|2866|3.0
21|2912|3.0
21|2915|3.0
21|2916|4.0
21|2917|2.0
21|2918|4.0
21|2948|4.0
21|2952|4.0
21|2987|3.0
21|3019|3.0
21|3098|4.0
21|3114|5.0
21|3147|4.0
21|3159|3.0
21|3160|4.0
21|3169|3.0
21|3267|3.0
21|3310|2.0
21|3328|1.0
21|3347|4.0
21|3361|3.0
21|3363|4.0
21|3386|3.0
21|3424|3.0
21|3476|4.0
21|3481|2.0
21|3505|3.0
21|3508|4.0
21|3679|5.0
21|3681|4.0
21|3703|4.0
21|3706|3.0
21|3718|4.0
21|3739|3.0
21|3753|4.0
21|3760|3.0
21|3771|2.0
21|3897|4.0
21|3972|3.0
21|3996|4.0
21|4002|4.0
21|4016|3.0
21|4034|4.0
21|4092|3.0
21|4105|5.0
21|4210|3.0
21|4224|3.0
22|1|3.0
22|6|5.0
22|16|5.0
22|47|4.0
22|50|4.0
22|69|3.0
22|95|4.0
22|110|4.0
22|111|4.0
22|165|4.0
22|288|1.0
22|292|3.0
22|296|5.0
22|303|3.0
22|318|5.0
22|353|3.0
22|358|3.0
22|377|4.0
22|434|4.0
22|457|3.0
22|474|3.0
22|479|3.0
22|494|4.0
22|544|3.0
22|555|4.0
22|587|3.0
22|589|5.0
22|592|3.0
22|593|5.0
22|648|5.0
22|733|4.0
22|1036|5.0
22|1037|3.0
22|1047|5.0
22|1089|4.0
22|1090|3.0
22|1101|4.0
22|1129|3.0
22|1196|4.0
22|1198|3.0
22|1210|4.0
22|1222|4.0
22|1240|5.0
22|1291|3.0
22|1370|3.0
22|1378|3.0
22|1385|4.0
22|1408|2.0
22|1518|3.0
22|1552|4.0
22|1573|3.0
22|1580|3.0
22|1587|4.0
22|1597|4.0
22|1608|3.0
22|1615|3.0
22|1625|5.0
22|1673|3.0
22|1676|3.0
22|1777|4.0
22|1912|3.0
22|1918|4.0
22|1954|4.0
22|2000|4.0
22|2001|5.0
22|2002|3.0
22|2028|3.0
22|2058|3.0
22|2115|4.0
22|2119|3.0
22|2193|4.0
22|2268|5.0
22|2278|3.0
22|2329|4.0
22|2353|5.0
22|2402|5.0
22|2403|4.0
22|2409|4.0
22|2410|4.0
22|2411|4.0
22|2412|2.0
22|2490|3.0
22|2571|3.0
22|2617|4.0
22|2640|4.0
22|2641|3.0
22|2642|3.0
22|2643|2.0
22|2676|3.0
22|2763|4.0
22|2858|3.0
22|2881|3.0
22|2916|4.0
22|2959|4.0
22|2985|3.0
22|3006|4.0
22|3020|4.0
22|3052|2.0
22|3100|2.0
22|3114|3.0
22|3147|4.0
22|3441|4.0
22|3525|4.0
22|3527|5.0
22|3698|5.0
22|3955|2.0
22|3979|2.0
22|3980|3.0
22|3987|3.0
22|3994|4.0
22|3996|4.0
22|3999|3.0
22|4006|4.0
22|4011|3.0
22|4015|4.0
22|4016|3.0
22|4018|4.0
22|4022|3.0
22|4025|3.0
22|4034|4.0
22|4052|3.0
22|4084|3.0
22|4085|3.0
22|4262|4.0
22|4270|5.0
22|4306|3.0
22|4351|4.0
22|4354|3.0
22|4367|5.0
22|4396|4.0
22|4498|3.0
22|4565|3.0
22|4620|3.0
23|1|4.0
23|25|4.0
23|32|5.0
23|47|5.0
23|50|5.0
23|70|1.0
23|110|4.0
23|223|5.0
23|232|3.0
23|235|3.0
23|293|5.0
23|296|5.0
23|318|5.0
23|342|3.0
23|347|3.0
23|356|2.0
23|457|4.0
23|475|4.0
23|493|3.0
23|508|5.0
23|527|5.0
23|535|5.0
23|555|5.0
23|589|3.0
23|593|4.0
23|608|5.0
23|678|5.0
23|720|4.0
23|778|5.0
23|838|1.0
23|866|4.0
23|1047|5.0
23|1059|5.0
23|1060|5.0
23|1089|5.0
23|1094|3.0
23|1095|5.0
23|1111|5.0
23|1188|5.0
23|1215|3.0
23|1245|4.0
23|1249|5.0
23|1268|4.0
23|1358|5.0
23|1366|4.0
23|1408|4.0
23|1411|4.0
23|1466|4.0
23|1500|5.0
23|1527|5.0
23|1580|5.0
23|1584|5.0
23|1617|5.0
23|1625|4.0
23|1639|3.0
23|1641|4.0
23|1653|5.0
23|1673|3.0
23|1678|3.0
23|1704|5.0
23|1719|4.0
23|1721|4.0
23|1722|4.0
23|1729|4.0
23|1732|4.0
23|1754|5.0
23|1777|4.0
23|1783|3.0
23|1804|4.0
23|1805|5.0
23|1810|2.0
23|1833|5.0
23|1835|5.0
23|1888|3.0
23|1892|4.0
23|1895|4.0
23|1909|5.0
23|1917|4.0
23|1923|4.0
23|2006|5.0
23|2028|5.0
23|2058|5.0
23|2125|3.0
23|2167|4.0
23|2278|3.0
23|2289|4.0
23|2291|3.0
23|2294|5.0
23|2315|1.0
23|2322|1.0
23|2324|5.0
23|2329|4.0
23|2338|2.0
23|2340|2.0
23|2353|4.0
23|2355|4.0
23|2384|2.0
23|2386|1.0
23|2393|4.0
23|2394|1.0
23|2424|1.0
23|2952|5.0
24|1|4.0
24|5|2.0
24|6|4.0
24|7|3.0
24|10|3.0
24|16|5.0
24|18|5.0
24|21|3.0
24|24|4.0
24|25|5.0
24|32|4.0
24|34|4.0
24|36|3.0
24|39|3.0
24|47|4.0
24|50|5.0
24|62|3.0
24|69|4.0
24|73|4.0
24|89|3.0
24|95|4.0
24|104|5.0
24|110|4.0
24|112|2.0
24|150|3.0
24|151|3.0
24|161|3.0
24|163|3.0
24|165|4.0
24|177|4.0
24|188|5.0
24|198|1.0
24|216|5.0
24|223|5.0
24|231|4.0
24|246|4.0
24|253|5.0
24|260|5.0
24|266|5.0
24|288|4.0
24|292|4.0
24|295|2.0
24|296|5.0
24|300|3.0
24|316|3.0
24|317|4.0
24|318|5.0
24|329|3.0
24|337|2.0
24|339|3.0
24|344|5.0
24|349|3.0
24|350|3.0
24|353|4.0
24|356|5.0
24|357|4.0
24|358|2.0
24|367|4.0
24|368|2.0
24|372|2.0
24|377|4.0
24|380|4.0
24|383|3.0
24|410|3.0
24|423|3.0
24|431|3.0
24|437|1.0
24|440|3.0
24|441|4.0
24|450|2.0
24|457|5.0
24|468|1.0
24|480|3.0
24|491|2.0
24|500|4.0
24|508|3.0
24|514|4.0
24|524|2.0
24|529|4.0
24|539|4.0
24|541|3.0
24|543|2.0
24|553|4.0
24|555|4.0
24|587|4.0
24|588|4.0
24|589|4.0
24|590|4.0
24|593|4.0
24|597|3.0
24|608|2.0
24|647|3.0
24|648|4.0
24|662|3.0
24|663|4.0
24|724|2.0
24|725|2.0
24|733|4.0
24|778|5.0
24|780|4.0
24|785|5.0
24|802|3.0
24|805|3.0
24|832|3.0
24|852|3.0
24|861|1.0
24|991|4.0
24|1015|3.0
24|1036|4.0
24|1059|5.0
24|1060|5.0
24|1061|1.0
24|1073|2.0
24|1089|5.0
24|1092|4.0
24|1093|4.0
24|1120|4.0
24|1121|4.0
24|1127|3.0
24|1129|3.0
24|1147|4.0
24|1183|2.0
24|1196|5.0
24|1197|4.0
24|1200|5.0
24|1206|5.0
24|1210|5.0
24|1213|5.0
24|1214|5.0
24|1215|3.0
24|1222|5.0
24|1233|5.0
24|1240|5.0
24|1258|5.0
24|1265|3.0
24|1266|1.0
24|1268|4.0
24|1270|4.0
24|1339|3.0
24|1343|5.0
24|1356|3.0
24|1357|5.0
24|1358|4.0
24|1370|4.0
24|1372|3.0
24|1374|4.0
24|1375|5.0
24|1379|4.0
24|1393|4.0
24|1401|3.0
24|1405|4.0
24|1407|5.0
24|1408|4.0
24|1441|1.0
24|1457|3.0
24|1466|3.0
24|1476|4.0
24|1479|3.0
24|1485|4.0
24|1500|3.0
24|1517|5.0
24|1527|4.0
24|1539|3.0
24|1552|4.0
24|1573|5.0
24|1580|5.0
24|1584|1.0
24|1586|4.0
24|1589|2.0
24|1590|4.0
24|1594|5.0
24|1597|3.0
24|1608|4.0
24|1610|5.0
24|1611|1.0
24|1614|3.0
24|1617|4.0
24|1619|3.0
24|1620|3.0
24|1625|4.0
24|1639|5.0
24|1641|3.0
24|1645|2.0
24|1647|1.0
24|1653|5.0
24|1673|4.0
24|1676|4.0
24|1680|5.0
24|1682|4.0
24|1687|4.0
24|1704|4.0
24|1719|3.0
24|1721|4.0
24|1722|3.0
24|1727|2.0
24|1729|2.0
24|1732|2.0
24|1735|3.0
24|1753|3.0
24|1777|4.0
24|1784|4.0
24|1804|3.0
24|1873|3.0
24|1883|3.0
24|1892|2.0
24|1895|3.0
24|1909|3.0
24|1911|4.0
24|1912|2.0
24|1918|3.0
24|1921|5.0
24|1923|5.0
24|1955|3.0
24|1982|4.0
24|2002|3.0
24|2005|3.0
24|2006|3.0
24|2011|4.0
24|2012|3.0
24|2021|4.0
24|2023|4.0
24|2025|2.0
24|2028|5.0
24|2041|3.0
24|2046|4.0
24|2058|3.0
24|2108|4.0
24|2155|3.0
24|2167|4.0
24|2190|3.0
24|2195|2.0
24|2231|3.0
24|2268|3.0
24|2269|2.0
24|2273|3.0
24|2278|2.0
24|2288|4.0
24|2289|3.0
24|2294|3.0
24|2296|4.0
24|2297|3.0
24|2302|3.0
24|2321|3.0
24|2324|4.0
24|2329|5.0
24|2336|2.0
24|2340|3.0
24|2353|4.0
24|2355|4.0
24|2369|2.0
24|2396|4.0
24|2421|3.0
24|2425|3.0
24|2427|3.0
24|2428|3.0
24|2431|3.0
24|2433|3.0
24|2447|3.0
24|2455|3.0
24|2490|4.0
24|2501|2.0
24|2502|5.0
24|2539|2.0
24|2541|3.0
24|2546|3.0
24|2567|3.0
24|2571|5.0
24|2580|4.0
24|2587|2.0
24|2600|3.0
24|2605|2.0
24|2628|4.0
24|2671|2.0
24|2676|2.0
24|2683|5.0
24|2688|3.0
24|2692|4.0
24|2694|5.0
24|2700|4.0
24|2701|2.0
24|2706|5.0
24|2707|4.0
24|2710|4.0
24|2712|1.0
24|2716|3.0
24|2723|4.0
24|2724|1.0
24|2729|3.0
24|2734|3.0
24|2762|5.0
24|2770|4.0
24|2772|2.0
24|2803|3.0
24|2805|2.0
24|2826|4.0
24|2840|3.0
24|2841|2.0
24|2858|5.0
24|2860|3.0
24|2861|4.0
24|2881|3.0
24|2889|2.0
24|2890|4.0
24|2916|4.0
24|2959|5.0
24|2961|3.0
24|2985|3.0
24|2997|2.0
24|3004|3.0
24|3005|3.0
24|3020|3.0
24|3052|5.0
24|3053|2.0
24|3081|2.0
24|3107|4.0
24|3108|2.0
24|3113|3.0
24|3114|3.0
24|3145|3.0
24|3147|3.0
24|3148|2.0
24|3155|2.0
24|3173|3.0
24|3174|4.0
24|3175|4.0
24|3176|1.0
24|3177|3.0
24|3179|2.0
24|3189|2.0
24|3249|3.0
24|3250|4.0
24|3252|4.0
24|3253|4.0
24|3254|4.0
24|3255|2.0
24|3259|2.0
24|3273|3.0
24|3285|3.0
24|3298|4.0
24|3300|5.0
24|3301|2.0
24|3316|3.0
24|3328|3.0
24|3354|2.0
24|3355|2.0
24|3386|3.0
24|3408|3.0
24|3409|4.0
24|3418|4.0
24|3450|2.0
24|3452|4.0
24|3471|2.0
24|3476|2.0
24|3477|2.0
24|3481|2.0
24|3483|4.0
24|3484|2.0
24|3499|4.0
24|3510|5.0
24|3513|3.0
24|3515|4.0
24|3527|4.0
24|3534|2.0
24|3535|4.0
24|3554|2.0
24|3555|4.0
24|3578|5.0
24|3593|2.0
24|3614|4.0
24|3616|3.0
24|3617|5.0
24|3623|2.0
24|3624|2.0
24|3686|3.0
24|3702|4.0
24|3703|2.0
24|3717|4.0
24|3718|3.0
24|3745|4.0
24|3752|4.0
24|3753|1.0
24|3755|3.0
24|3784|1.0
24|3785|5.0
24|3793|3.0
24|3798|2.0
24|3809|3.0
24|3824|2.0
24|3826|3.0
24|3857|3.0
24|3861|3.0
24|3863|2.0
24|3865|2.0
24|3879|1.0
24|3884|1.0
24|3889|2.0
24|3893|2.0
24|3895|2.0
24|3896|4.0
24|3897|3.0
24|3915|3.0
24|3916|4.0
24|3946|3.0
24|3948|4.0
24|3950|5.0
24|3952|3.0
24|3955|4.0
24|3967|4.0
24|3968|3.0
24|3969|4.0
24|3972|1.0
24|3977|3.0
24|3978|4.0
24|3979|5.0
24|3980|3.0
24|3981|3.0
24|3986|1.0
24|3988|3.0
24|3994|4.0
24|3996|5.0
24|3998|3.0
24|3999|4.0
24|4011|4.0
24|4014|2.0
24|4015|3.0
24|4016|3.0
24|4018|3.0
24|4019|4.0
24|4020|4.0
24|4022|4.0
24|4023|3.0
24|4025|2.0
24|4027|4.0
24|4030|2.0
24|4031|4.0
24|4033|4.0
24|4034|3.0
24|4052|1.0
24|4054|4.0
24|4061|3.0
24|4121|3.0
24|4148|2.0
24|4149|5.0
24|4153|4.0
24|4159|3.0
24|4167|4.0
24|4223|3.0
24|4224|2.0
24|4226|4.0
24|4233|4.0
24|4235|5.0
24|4239|3.0
24|4246|3.0
24|4247|4.0
24|4250|3.0
24|4251|4.0
24|4255|3.0
24|4270|1.0
24|4285|2.0
24|4299|4.0
24|4306|4.0
24|4308|2.0
24|4310|2.0
24|4321|3.0
24|4341|3.0
24|4351|5.0
24|4369|3.0
24|4387|5.0
24|4388|3.0
24|4443|2.0
24|4447|4.0
24|4448|2.0
24|4466|3.0
24|4471|1.0
24|4473|4.0
24|4486|3.0
24|4487|4.0
24|4489|3.0
24|4498|2.0
24|4504|1.0
24|4509|3.0
24|4520|2.0
24|4589|3.0
24|4639|3.0
24|4643|2.0
24|4701|4.0
24|4718|5.0
24|4735|2.0
24|4745|2.0
24|4776|5.0
24|4887|5.0
24|4958|3.0
24|4995|4.0
24|5299|4.0
24|5377|4.0
24|5418|4.0
24|5464|4.0
24|5524|3.0
24|5620|3.0
24|5630|5.0
24|5679|5.0
24|5803|3.0
24|5810|3.0
24|5816|2.0
24|5943|3.0
24|6213|4.0
25|21|3.5
25|22|4.0
25|31|3.0
25|32|3.5
25|39|4.5
25|47|3.0
25|50|3.5
25|104|2.5
25|110|3.5
25|111|3.5
25|141|3.5
25|175|4.5
25|223|4.5
25|231|3.0
25|253|3.5
25|261|4.0
25|288|3.5
25|296|4.0
25|318|4.0
25|337|4.0
25|344|3.5
25|356|4.0
25|364|3.5
25|367|2.0
25|372|4.0
25|377|2.5
25|428|4.0
25|480|3.5
25|500|3.5
25|527|3.5
25|539|2.5
25|585|1.0
25|586|3.5
25|587|4.5
25|589|4.0
25|590|4.0
25|592|3.5
25|593|4.5
25|597|3.0
25|778|4.0
25|858|3.5
25|919|4.0
25|1036|2.0
25|1079|4.0
25|1080|4.0
25|1089|3.5
25|1093|3.5
25|1097|4.5
25|1101|3.5
25|1120|3.0
25|1126|4.5
25|1136|4.0
25|1193|3.5
25|1197|4.0
25|1198|3.5
25|1200|3.0
25|1214|2.0
25|1240|4.0
25|1246|4.0
25|1258|4.0
25|1265|3.5
25|1270|4.5
25|1271|4.5
25|1291|3.5
25|1302|3.0
25|1307|4.0
25|1387|3.5
25|1517|4.0
25|1580|1.5
25|1682|3.0
25|1704|4.0
25|1721|4.0
25|1727|1.0
25|1732|5.0
25|1784|3.0
25|1923|3.0
25|1961|4.0
25|1968|4.0
25|2028|3.5
25|2115|3.5
25|2141|4.5
25|2161|4.0
25|2174|4.0
25|2324|3.5
25|2352|3.0
25|2502|3.5
25|2571|3.5
25|2683|4.0
25|2692|4.0
25|2706|4.0
25|2710|3.0
25|2716|4.0
25|2797|4.5
25|2858|4.0
25|2918|4.0
25|2959|4.0
25|2987|4.0
25|3147|4.0
25|3255|4.5
25|3578|3.5
25|3686|4.0
25|3755|3.0
25|3897|3.0
25|3949|3.5
25|3996|4.0
25|4027|3.5
25|4306|3.5
25|4886|3.0
25|4963|3.0
25|4973|4.0
25|4979|4.5
25|4993|3.5
25|5225|4.5
25|5952|3.5
25|6377|3.5
25|8910|4.5
25|52319|4.0
25|54503|4.5
25|60293|4.5
25|63082|3.5
25|72226|2.0
26|10|3.0
26|19|3.0
26|21|4.0
26|22|3.0
26|39|4.0
26|47|4.0
26|50|5.0
26|110|4.0
26|150|4.0
26|153|3.0
26|160|2.0
26|161|3.0
26|165|3.0
26|173|2.0
26|185|3.0
26|188|2.0
26|208|3.0
26|225|3.0
26|231|2.0
26|253|3.0
26|266|3.0
26|273|3.0
26|288|4.0
26|292|3.0
26|296|5.0
26|300|4.0
26|316|3.0
26|317|3.0
26|318|5.0
26|329|3.0
26|339|3.0
26|344|3.0
26|349|3.0
26|356|5.0
26|357|5.0
26|364|3.0
26|367|4.0
26|377|3.0
26|380|3.0
26|410|3.0
26|420|3.0
26|426|3.0
26|434|3.0
26|435|3.0
26|440|5.0
26|454|3.0
26|457|4.0
26|480|5.0
26|500|4.0
26|527|5.0
26|532|3.0
26|539|4.0
26|586|3.0
26|587|4.0
26|588|3.0
26|589|5.0
26|590|4.0
26|592|3.0
26|593|4.0
26|595|5.0
26|597|3.0
27|11|4.0
27|29|3.0
27|47|4.5
27|104|4.0
27|162|4.0
27|231|4.5
27|235|3.0
27|266|4.0
27|368|4.5
27|480|4.5
27|491|3.0
27|539|3.0
27|553|4.5
27|597|4.5
27|778|4.5
27|832|4.0
27|1027|2.0
27|1131|4.0
27|1172|4.5
27|1265|5.0
27|1300|4.5
27|1307|5.0
27|1517|3.0
27|1527|2.5
27|1544|4.0
27|1584|4.0
27|1610|4.0
27|1721|5.0
27|1923|4.5
27|1961|4.0
27|2144|4.5
27|2150|4.5
27|2355|3.5
27|2420|4.0
27|2424|3.0
27|2683|5.0
27|2699|4.0
27|2761|5.0
27|2959|5.0
27|2997|3.0
27|3081|3.0
27|3481|4.0
27|3508|4.5
27|3608|4.0
27|3753|3.0
27|3879|2.0
27|4023|4.0
27|4066|4.5
27|4159|4.0
27|4306|3.0
27|4321|4.5
27|4367|1.0
27|4464|4.5
27|4499|4.0
27|5010|3.5
27|5064|4.0
27|5378|1.0
27|6380|4.0
27|6539|3.5
27|6934|4.5
27|7247|2.0
27|7293|4.0
27|7458|3.0
27|8361|3.5
27|8622|4.5
27|8636|4.5
27|8900|4.5
27|27808|4.0
27|30822|4.0
28|150|1.0
28|161|3.0
28|165|3.0
28|185|1.0
28|196|1.0
28|213|5.0
28|231|3.0
28|253|3.0
28|266|1.0
28|282|3.0
28|292|3.0
28|296|5.0
28|315|2.0
28|339|3.0
28|344|2.0
28|356|4.0
28|357|4.0
28|367|2.0
28|377|3.0
28|380|2.0
28|410|5.0
28|417|1.0
28|442|3.0
28|477|3.0
28|480|2.0
28|500|3.0
28|509|4.0
28|555|5.0
28|588|3.0
28|590|1.0
28|593|3.0
28|595|3.0
29|2|3.0
29|9|4.0
29|11|4.0
29|15|4.0
29|16|4.0
29|19|3.0
29|20|4.0
29|21|3.0
29|22|3.0
29|23|4.0
29|24|3.0
29|31|4.0
29|32|3.0
29|34|4.0
29|42|3.0
29|44|3.0
29|46|3.0
29|47|4.0
29|50|4.0
29|57|3.0
29|60|4.0
29|70|4.0
29|93|3.0
29|104|4.0
29|110|5.0
29|112|4.0
29|122|3.0
29|132|3.0
29|135|3.0
29|145|4.0
29|147|3.0
29|150|4.0
29|151|3.0
29|153|3.0
29|157|3.0
29|158|3.0
29|159|4.0
29|160|3.0
29|161|4.0
29|164|4.0
29|165|4.0
29|168|3.0
29|170|3.0
29|172|3.0
29|173|4.0
29|179|3.0
29|185|3.0
29|188|3.0
29|191|3.0
29|196|3.0
29|204|4.0
29|208|3.0
29|216|5.0
29|218|3.0
29|224|4.0
29|225|3.0
29|231|3.0
29|233|3.0
29|234|3.0
29|235|3.0
29|237|4.0
29|246|3.0
29|248|3.0
29|249|5.0
29|250|3.0
29|253|5.0
29|255|3.0
29|256|3.0
29|266|4.0
29|267|4.0
29|271|3.0
29|272|3.0
29|273|4.0
29|274|3.0
29|277|3.0
29|280|3.0
29|282|4.0
29|288|3.0
29|292|5.0
29|293|4.0
29|294|3.0
29|296|5.0
29|300|2.0
29|303|3.0
29|312|2.0
29|315|4.0
29|316|3.0
29|317|4.0
29|318|5.0
29|328|2.0
29|329|3.0
29|333|4.0
29|339|3.0
29|340|3.0
29|344|3.0
29|349|3.0
29|351|3.0
29|352|4.0
29|353|3.0
29|355|3.0
29|356|5.0
29|358|4.0
29|362|4.0
29|364|4.0
29|365|4.0
29|367|3.0
29|368|4.0
29|370|3.0
29|371|1.0
29|374|3.0
29|377|4.0
29|380|3.0
29|382|3.0
29|383|5.0
29|405|3.0
29|410|3.0
29|413|3.0
29|415|3.0
29|416|3.0
29|420|3.0
29|428|5.0
29|431|5.0
29|432|4.0
29|434|4.0
29|435|3.0
29|437|3.0
29|442|4.0
29|455|3.0
29|457|3.0
29|464|3.0
29|466|3.0
29|475|3.0
29|480|5.0
29|481|3.0
29|482|3.0
29|485|4.0
29|491|3.0
29|500|3.0
29|502|3.0
29|509|3.0
29|514|2.0
29|516|4.0
29|519|3.0
29|520|3.0
29|524|4.0
29|527|4.0
29|529|4.0
29|532|3.0
29|533|3.0
29|537|3.0
29|542|4.0
29|543|3.0
29|546|3.0
29|551|4.0
29|552|4.0
29|553|4.0
29|555|5.0
29|575|4.0
29|585|3.0
29|586|4.0
29|587|3.0
29|588|4.0
29|589|4.0
29|590|4.0
29|592|4.0
29|593|4.0
29|594|4.0
29|595|4.0
29|596|5.0
29|597|3.0
29|610|4.0
29|616|3.0
29|648|4.0
29|653|3.0
29|711|3.0
29|724|4.0
29|733|5.0
30|5|2.5
30|163|1.0
30|168|0.5
30|225|2.0
30|265|3.0
30|466|3.5
30|519|2.0
30|555|1.5
30|589|2.5
30|596|5.0
30|1061|4.5
30|1215|2.5
30|1234|2.0
30|1240|3.5
30|1372|2.5
30|1376|3.0
30|1909|2.5
30|2018|3.0
30|2238|4.5
30|2324|5.0
30|2699|2.5
30|2985|3.0
30|2986|2.5
30|3147|5.0
30|3527|3.5
30|6378|2.5
30|6537|2.0
30|6893|2.5
30|7885|2.0
30|8810|3.0
30|30707|4.5
31|1|3.0
31|110|5.0
31|260|5.0
31|364|3.0
31|527|0.5
31|588|3.0
31|594|2.5
31|616|4.0
31|1196|5.0
31|1197|3.0
31|1207|0.5
31|1210|5.0
31|1214|0.5
31|1270|4.0
31|2096|2.0
31|2571|4.5
31|2959|2.0
31|3300|5.0
31|3483|4.0
31|3555|3.0
31|3615|3.0
31|3624|3.0
31|3671|5.0
31|3751|4.0
31|3793|4.5
31|3916|4.5
31|4016|4.0
31|4022|2.0
31|4232|4.0
31|4299|3.0
31|4306|4.0
31|4343|4.0
31|4366|4.5
31|4386|3.5
31|4638|4.5
31|4700|4.0
31|4734|0.5
31|4816|1.0
31|4886|4.0
31|4887|3.0
31|4890|2.0
31|4896|5.0
31|4990|4.5
31|4993|5.0
31|5110|4.0
31|5218|4.0
31|5254|4.5
31|5267|4.0
31|5299|0.5
31|5313|3.5
31|5349|2.0
31|5378|5.0
31|5389|4.0
31|5444|5.0
31|5463|4.5
31|5504|4.0
31|5574|5.0
31|5621|4.0
31|5669|0.5
31|5679|0.5
31|5785|4.0
31|5804|3.5
31|5816|5.0
31|5903|5.0
31|5952|5.0
31|6156|4.0
31|6218|5.0
31|6297|4.0
31|6333|4.5
31|6365|4.0
31|6377|3.0
31|6385|3.5
31|6539|5.0
31|6565|1.5
31|6566|4.5
31|6753|4.0
31|6754|5.0
31|6863|1.5
31|6880|0.5
31|6889|4.5
31|6934|3.5
31|6936|1.5
31|7153|5.0
31|7293|2.5
31|7317|5.0
31|7324|4.0
31|7373|4.5
31|8360|3.0
31|8361|0.5
31|8368|5.0
31|8371|5.0
31|8376|0.5
31|8464|2.5
31|8528|0.5
31|8533|1.0
31|8622|0.5
31|8636|1.5
31|8641|1.0
31|8807|0.5
31|8808|3.5
31|8810|1.0
31|8907|4.0
31|8917|0.5
31|8937|2.0
31|8957|0.5
31|8961|4.0
31|8972|4.5
31|8985|5.0
31|30707|0.5
31|30816|2.0
31|32031|4.0
31|33004|3.0
31|33493|5.0
31|33615|4.0
31|33646|4.0
31|33679|2.5
31|33794|4.5
31|34072|3.0
31|34150|3.5
31|34332|4.0
31|36519|5.0
31|37386|4.0
31|38038|4.0
31|39183|0.5
31|39446|0.5
31|40339|3.5
31|40815|3.5
31|41566|5.0
31|41569|1.0
31|42738|5.0
31|44022|4.0
31|44191|5.0
31|45431|5.0
31|45499|5.0
31|45517|4.0
31|45722|5.0
31|46578|0.5
31|46970|0.5
31|46972|4.0
31|47200|4.0
31|47610|4.0
31|48322|4.0
31|48385|0.5
31|48394|1.5
31|49274|4.0
31|49649|3.5
31|50798|4.5
31|50872|3.5
31|51077|4.0
31|51662|4.5
31|52245|0.5
31|52287|4.0
31|52722|3.0
31|52973|0.5
31|53121|4.0
31|53125|5.0
31|53464|4.0
31|53894|0.5
31|53996|4.5
31|54001|5.0
31|54259|5.0
31|54272|3.0
31|54503|0.5
31|54997|4.0
31|55995|4.0
31|56171|4.5
31|56367|0.5
31|56587|1.5
31|56775|4.5
31|56949|3.0
31|57528|4.0
31|57640|4.5
31|58025|4.0
31|58559|5.0
31|58803|3.0
31|59315|5.0
31|59369|4.0
31|59501|4.0
31|59784|4.0
31|60069|4.5
31|60074|4.0
31|60684|4.0
31|60756|0.5
31|61024|0.5
31|61132|1.5
31|61160|5.0
31|63082|0.5
31|63992|1.0
31|65682|5.0
31|68205|4.5
31|68319|5.0
31|68954|3.0
31|69122|1.5
31|69406|2.0
31|69526|4.0
31|69784|0.5
31|69844|5.0
31|70286|4.0
31|71530|3.0
31|71535|1.5
31|72378|0.5
31|72998|4.5
31|73017|4.0
31|73321|4.0
31|74789|3.0
31|76093|5.0
31|76175|4.5
31|76251|0.5
31|77561|5.0
31|78105|5.0
31|78209|0.5
31|78469|4.5
31|79091|5.0
31|79695|4.5
31|79702|0.5
31|81562|0.5
31|81564|4.0
31|81834|5.0
31|81847|2.5
31|82459|4.0
31|82461|4.5
31|83613|5.0
31|84944|4.0
31|85510|4.0
31|86332|5.0
31|86880|5.0
31|86911|2.0
31|87222|4.5
31|87232|4.5
31|87430|4.0
31|88125|5.0
31|88140|5.0
31|88744|4.0
31|89745|5.0
31|91500|4.5
31|91529|5.0
31|95167|3.0
31|98809|4.5
31|102125|4.5
31|102445|0.5
31|106487|4.0
31|106489|5.0
31|106696|3.0
31|112852|4.5
31|118696|5.0
31|125916|0.5
32|6|3.0
32|10|3.0
32|14|3.0
32|16|3.0
32|17|4.0
32|19|3.0
32|25|4.0
32|31|3.0
32|34|4.0
32|36|3.0
32|39|3.0
32|45|3.0
32|47|3.0
32|50|5.0
32|58|4.0
32|110|3.0
32|150|4.0
32|151|3.0
32|153|3.0
32|161|3.0
32|165|3.0
32|170|3.0
32|173|3.0
32|185|3.0
32|225|3.0
32|231|3.0
32|235|3.0
32|247|3.0
32|260|4.0
32|292|4.0
32|296|5.0
32|300|3.0
32|315|2.0
32|316|3.0
32|318|5.0
32|319|4.0
32|337|4.0
32|342|4.0
32|344|3.0
32|345|3.0
32|350|3.0
32|355|2.0
32|356|3.0
32|357|4.0
32|368|5.0
32|371|3.0
32|377|3.0
32|380|4.0
32|410|3.0
32|434|4.0
32|442|3.0
32|454|3.0
32|457|4.0
32|468|3.0
32|474|4.0
32|480|3.0
32|497|4.0
32|527|3.0
32|535|4.0
32|588|3.0
32|589|4.0
32|590|3.0
32|592|4.0
32|593|4.0
32|597|3.0
32|608|3.0
32|708|4.0
32|736|4.0
32|745|4.0
32|778|5.0
32|780|4.0
32|786|3.0
32|1047|4.0
33|157|3.0
33|161|4.0
33|293|5.0
33|345|4.0
33|370|1.0
33|480|1.0
33|608|4.0
33|673|2.0
33|1028|3.0
33|1077|5.0
33|1078|4.0
33|1197|5.0
33|1215|5.0
33|1230|5.0
33|1304|5.0
33|1566|1.0
33|1639|5.0
33|1732|1.0
33|2000|4.0
33|2001|4.0
33|2002|4.0
33|2115|5.0
33|2302|3.0
33|2355|4.0
33|2746|4.0
33|2949|4.0
33|3263|3.0
33|3301|4.0
33|3386|2.0
33|3593|1.0
33|3596|1.0
33|3623|3.0
33|3646|1.0
33|3654|4.0
33|3717|2.0
33|3745|3.0
33|3751|5.0
33|3752|1.0
33|3753|1.0
33|3754|4.0
33|3760|5.0
33|3793|5.0
33|3799|1.0
33|3809|2.0
33|3814|4.0
33|3821|1.0
33|3836|5.0
33|3868|5.0
33|3869|2.0
33|3873|5.0
34|1|5.0
34|2|3.0
34|7|3.0
34|10|5.0
34|15|3.0
34|17|5.0
34|21|4.0
34|32|4.0
34|34|3.0
34|45|4.0
34|48|4.0
34|60|4.0
34|68|4.0
34|95|4.0
34|104|3.0
34|107|4.0
34|135|3.0
34|141|4.0
34|150|5.0
34|153|3.0
34|158|3.0
34|161|5.0
34|165|4.0
34|172|3.0
34|173|1.0
34|181|2.0
34|185|3.0
34|186|3.0
34|203|4.0
34|204|4.0
34|208|5.0
34|224|3.0
34|231|3.0
34|236|4.0
34|237|4.0
34|239|5.0
34|252|4.0
34|261|4.0
34|272|4.0
34|277|3.0
34|289|4.0
34|296|3.0
34|316|4.0
34|317|3.0
34|329|4.0
34|338|3.0
34|339|4.0
34|344|3.0
34|355|4.0
34|356|5.0
34|357|5.0
34|364|4.0
34|367|5.0
34|368|4.0
34|370|4.0
34|376|4.0
34|377|5.0
34|380|5.0
34|410|4.0
34|432|3.0
34|434|3.0
34|435|3.0
34|440|5.0
34|442|3.0
34|457|5.0
34|466|3.0
34|474|4.0
34|480|5.0
34|485|3.0
34|494|4.0
34|500|5.0
34|509|4.0
34|520|3.0
34|531|4.0
34|539|5.0
34|551|4.0
34|553|4.0
34|587|5.0
34|588|4.0
34|589|5.0
34|590|2.0
34|592|4.0
34|595|5.0
34|597|4.0
34|637|3.0
34|648|4.0
34|688|3.0
34|708|5.0
34|733|5.0
34|736|4.0
34|761|3.0
34|780|4.0
34|786|4.0
35|47|5.0
35|50|5.0
35|60|4.0
35|107|4.0
35|110|4.5
35|111|5.0
35|153|3.0
35|208|3.5
35|231|1.0
35|253|4.5
35|260|3.0
35|293|5.0
35|296|5.0
35|318|4.0
35|344|2.0
35|356|4.5
35|367|3.0
35|413|2.5
35|480|3.0
35|500|4.0
35|527|4.5
35|592|3.5
35|593|4.5
35|595|4.0
35|597|3.0
35|778|5.0
35|858|5.0
35|1019|3.5
35|1089|5.0
35|1097|3.5
35|1221|4.5
35|1222|3.5
35|1223|4.5
35|1265|4.5
35|1270|4.5
35|1347|2.0
35|1580|3.5
35|1617|4.5
35|1644|2.0
35|1721|3.5
35|2023|4.5
35|2028|3.5
35|2231|4.0
35|2300|3.5
35|2329|4.5
35|2360|5.0
35|2396|4.0
35|2501|3.5
35|2542|5.0
35|2571|5.0
35|2688|4.0
35|2692|5.0
35|2858|5.0
35|2959|5.0
35|2997|5.0
35|3301|3.0
35|3396|5.0
35|3535|5.0
35|3556|3.5
35|3578|4.0
35|3793|4.0
35|3949|4.5
35|4011|5.0
35|4014|4.5
35|4226|4.5
35|4235|5.0
35|4381|4.5
35|4718|1.0
35|4886|4.5
35|4954|4.5
35|4973|5.0
35|4979|5.0
35|4993|5.0
35|5014|4.5
35|5219|4.0
35|5225|4.5
35|5254|4.0
35|5349|4.0
35|5418|5.0
35|5445|5.0
35|5577|4.5
35|5608|5.0
35|5782|4.5
35|5785|1.0
35|5902|5.0
35|5991|4.5
35|6003|5.0
35|6016|5.0
35|6218|4.0
35|6333|4.0
35|6365|4.0
35|6377|5.0
35|6539|5.0
35|6595|4.0
35|6618|3.5
35|6773|5.0
35|6863|4.5
35|6874|5.0
35|6934|4.5
35|6942|5.0
35|7090|4.5
35|7143|4.5
35|7153|4.5
35|7155|3.5
35|7235|5.0
35|7323|5.0
35|7361|5.0
35|7373|4.0
35|7438|4.0
35|8360|5.0
35|8376|4.5
35|8636|4.0
35|8665|5.0
35|8798|4.5
35|8961|5.0
35|8968|4.5
35|8972|4.0
35|8983|4.5
35|8984|4.5
35|8985|4.0
35|27005|5.0
35|27592|5.0
35|27660|5.0
35|27773|5.0
35|27797|5.0
35|27801|4.5
35|30793|4.0
35|30810|4.5
35|30820|4.5
35|31658|4.5
35|31696|4.0
35|31878|4.5
35|32587|5.0
35|33004|5.0
35|33903|5.0
35|34323|2.5
35|34437|4.5
35|35836|4.5
35|36529|4.5
35|36537|4.0
35|37729|4.5
35|38061|4.0
35|39435|3.5
35|40815|4.0
35|40819|3.5
35|40870|4.5
35|41566|3.5
35|41569|4.5
35|41863|5.0
35|44195|4.5
35|44555|5.0
35|44665|4.0
35|45722|5.0
35|46578|4.5
35|46967|4.5
35|46972|4.0
35|47044|4.5
35|48082|4.5
35|48385|2.5
35|48774|2.5
35|49272|4.5
35|49530|5.0
35|49651|4.5
35|50005|4.5
35|51412|3.0
35|51662|5.0
35|52281|4.5
35|52328|3.5
35|52975|4.0
35|53125|5.0
35|53322|5.0
35|53519|4.0
35|53972|4.5
35|53996|3.0
35|54190|4.0
35|54272|4.5
35|54286|5.0
35|54736|4.0
35|54771|4.5
35|54995|4.5
35|54997|5.0
35|55069|3.5
35|55232|3.5
35|55247|4.0
35|55269|5.0
35|55280|4.5
35|55442|4.5
35|55820|3.5
35|55995|4.0
35|56174|5.0
35|56367|4.0
35|56587|4.5
35|56775|4.0
35|56782|4.5
35|56788|3.0
36|145|3.5
36|163|3.0
36|196|3.0
36|485|1.5
36|555|2.0
36|762|2.0
36|1088|3.0
36|1320|2.5
36|1358|3.5
36|1408|3.5
36|1597|3.5
36|1625|2.5
36|1673|2.5
36|2023|3.5
36|2100|2.0
36|2302|3.0
36|2353|4.0
36|2712|1.0
36|2770|3.0
36|58293|3.5
37|1057|3.0
37|1183|5.0
37|1407|4.0
37|1416|4.0
37|1422|3.0
37|1446|4.0
37|1479|3.0
37|1485|4.0
37|1584|3.0
37|1586|3.0
37|1593|2.0
37|1597|3.0
37|1608|4.0
37|1617|5.0
37|1620|3.0
37|1632|1.0
37|1641|4.0
37|1661|4.0
37|1673|4.0
37|1676|2.0
38|3|3.0
38|7|5.0
38|8|3.0
38|11|4.0
38|21|1.0
38|36|3.0
38|47|4.0
38|52|1.0
38|62|5.0
38|135|3.0
38|141|2.0
38|150|5.0
38|153|3.0
38|155|4.0
38|160|1.0
38|161|4.0
38|165|3.0
38|195|4.0
38|204|3.0
38|207|5.0
38|222|3.0
38|225|5.0
38|233|4.0
38|237|5.0
38|241|2.0
38|252|2.0
38|265|3.0
38|267|2.0
38|276|5.0
38|277|4.0
38|279|4.0
38|282|4.0
38|289|5.0
38|292|5.0
38|294|2.0
38|296|1.0
38|300|1.0
38|315|5.0
38|317|3.0
38|339|4.0
38|349|4.0
38|350|5.0
38|356|5.0
38|364|5.0
38|368|3.0
38|371|4.0
38|377|5.0
38|378|4.0
38|380|3.0
38|440|5.0
38|450|4.0
38|454|3.0
38|457|3.0
38|458|3.0
38|466|2.0
38|467|5.0
38|477|3.0
38|480|3.0
38|500|2.0
38|501|5.0
38|516|2.0
38|527|4.0
38|540|4.0
38|586|3.0
38|587|3.0
38|588|2.0
38|589|4.0
38|590|4.0
38|592|3.0
38|593|2.0
38|597|4.0
38|613|3.0
38|736|4.0
38|786|5.0
39|1|5.0
39|6|5.0
39|25|4.0
39|32|3.0
39|36|5.0
39|52|3.0
39|95|4.0
39|112|2.0
39|260|5.0
39|376|4.0
39|608|4.0
39|648|4.0
39|653|3.0
39|733|4.0
39|736|3.0
39|780|3.0
39|784|3.0
39|786|4.0
39|788|3.0
39|1073|3.0
40|11|3.0
40|50|3.0
40|111|5.0
40|223|1.0
40|246|5.0
40|348|4.0
40|352|5.0
40|356|1.0
40|441|4.0
40|471|1.0
40|562|3.0
40|592|2.0
40|608|2.0
40|1060|5.0
40|1211|5.0
40|1248|4.0
40|1260|4.0
40|1279|3.0
40|1304|4.0
40|1354|5.0
40|1405|3.0
40|1407|3.0
40|1500|1.0
40|1617|3.0
40|1625|5.0
40|1639|1.0
40|1641|2.0
40|1682|4.0
40|1704|5.0
40|1717|2.0
40|1747|4.0
40|1779|2.0
40|1840|5.0
40|1876|2.0
40|1882|2.0
40|1892|4.0
40|1923|3.0
40|1961|4.0
40|2076|4.0
40|2126|2.0
40|2289|4.0
40|2294|4.0
40|2321|3.0
40|2324|5.0
40|2329|5.0
40|2353|4.0
40|2396|4.0
40|2416|2.0
40|2571|4.0
40|2683|3.0
40|2699|1.0
40|2702|2.0
40|2710|4.0
40|2762|4.0
40|2858|3.0
40|2908|5.0
40|2959|4.0
40|3006|4.0
40|3078|3.0
40|3104|3.0
40|3246|4.0
40|3408|3.0
40|3512|3.0
40|3521|3.0
40|3535|3.0
40|3536|4.0
40|3543|5.0
40|3552|3.0
40|3578|5.0
40|3608|3.0
40|3617|1.0
40|3618|3.0
40|3717|2.0
41|4|2.0
41|58|5.0
41|85|4.0
41|154|4.0
41|446|3.0
41|527|4.0
41|538|4.0
41|593|4.0
41|608|4.0
41|832|3.0
41|898|4.0
41|912|5.0
41|913|4.0
41|923|4.0
41|953|5.0
41|969|5.0
41|986|5.0
41|1084|4.0
41|1097|5.0
41|1101|5.0
41|1213|4.0
41|1225|4.0
41|1230|4.0
41|1231|5.0
41|1234|5.0
41|1247|5.0
41|1265|5.0
41|1270|4.0
41|1272|5.0
41|1292|5.0
41|1293|4.0
41|1302|4.0
41|1357|4.0
41|1537|5.0
41|1580|4.0
41|1672|4.0
41|1721|5.0
41|1914|5.0
41|1931|4.0
41|1948|3.0
41|1949|4.0
41|1957|4.0
41|1962|4.0
41|1964|4.0
41|1997|2.0
41|2352|4.0
41|2585|4.0
41|2770|4.0
41|2797|5.0
41|2836|1.0
41|2858|5.0
41|2863|4.0
41|2917|4.0
41|2929|4.0
41|2969|5.0
41|3098|5.0
41|3100|3.0
41|3255|3.0
41|3296|3.0
42|31|4.5
42|111|4.0
42|260|4.5
42|296|4.5
42|355|1.0
42|541|4.0
42|593|5.0
42|745|5.0
42|903|4.0
42|904|4.0
42|908|3.5
42|910|2.0
42|913|4.0
42|1059|3.5
42|1061|3.0
42|1088|3.0
42|1092|4.0
42|1148|5.0
42|1193|4.0
42|1196|4.5
42|1198|4.5
42|1201|4.0
42|1203|3.5
42|1207|4.0
42|1234|5.0
42|1250|3.0
42|1256|3.0
42|1262|3.5
42|1267|4.0
42|1271|4.0
42|1372|5.0
42|1569|5.0
42|1918|3.5
42|1945|3.5
42|2019|4.0
42|2278|4.5
42|2407|3.5
42|2571|4.0
42|2858|4.5
42|3255|4.0
42|3256|4.5
42|3468|4.5
42|3717|4.0
42|3755|4.5
42|3911|4.0
42|4226|4.5
42|4993|4.5
42|5952|4.5
42|7153|4.5
42|7361|4.5
42|58559|4.5
43|28|4.5
43|150|3.5
43|232|4.0
43|260|3.5
43|261|5.0
43|277|0.5
43|296|4.0
43|318|4.0
43|344|2.0
43|356|5.0
43|367|2.5
43|480|2.5
43|531|4.5
43|588|3.0
43|595|3.5
43|613|4.0
43|648|3.5
43|780|3.5
43|830|5.0
43|838|5.0
43|919|3.0
43|1073|2.0
43|1197|4.5
43|1198|4.0
43|1270|2.5
43|1278|3.5
43|1287|3.0
43|1291|4.0
43|1293|3.0
43|1302|2.0
43|1680|5.0
43|1704|4.5
43|1721|3.0
43|1722|3.0
43|1923|3.5
43|1962|4.0
43|2125|5.0
43|2161|0.5
43|2359|5.0
43|2396|5.0
43|2571|4.0
43|2572|5.0
43|2628|2.5
43|2716|2.5
43|2881|4.0
43|2918|4.0
43|2959|4.5
43|3079|4.5
43|3082|3.5
43|3578|4.0
43|3623|4.0
43|3793|4.0
43|3996|4.0
43|4014|5.0
43|4246|4.5
43|4306|5.0
43|4308|4.0
43|4886|2.5
43|5013|3.5
43|5349|2.0
43|5380|5.0
43|5418|4.0
43|5816|3.5
43|5952|2.5
43|6218|3.5
43|6333|4.0
43|6365|1.5
43|6377|4.5
43|6539|4.5
43|6711|5.0
43|6874|4.0
43|6942|4.5
43|7155|4.0
43|7361|3.5
43|7438|3.5
43|8636|0.5
43|8943|3.5
43|8970|4.0
43|30749|4.0
43|32587|3.5
43|40629|3.0
43|41571|3.5
43|43560|3.0
43|44191|5.0
43|51834|3.0
43|60069|4.0
43|62293|3.5
44|260|4.0
44|296|4.0
44|349|4.0
44|595|4.0
44|720|5.0
44|858|5.0
44|904|4.0
44|908|4.0
44|920|4.0
44|953|5.0
44|1035|4.0
44|1136|5.0
44|1172|5.0
44|1197|4.0
44|1198|5.0
44|1201|5.0
44|1208|4.0
44|1259|4.0
44|1387|2.0
44|1961|5.0
44|2115|4.0
44|2401|4.0
44|3421|4.0
44|3678|4.0
44|3764|4.0
44|4246|3.0
44|4534|5.0
44|4790|5.0
44|4993|5.0
44|4995|5.0
44|5246|3.0
44|5464|4.0
44|5816|5.0
45|318|1.5
45|353|2.0
45|551|4.5
45|904|2.0
45|908|3.0
45|912|2.5
45|920|4.0
45|922|4.0
45|923|2.0
45|926|4.0
45|927|4.5
45|1035|2.0
45|1148|3.0
45|1207|3.0
45|1230|1.0
45|1252|4.0
45|1500|3.5
45|1653|2.5
45|2054|0.5
45|2186|3.5
45|2291|4.0
45|2302|1.5
45|2321|3.0
45|2502|4.0
45|2640|0.5
45|3475|2.0
45|3548|5.0
45|3897|3.5
45|3977|2.0
45|4801|3.5
45|4920|4.0
45|4973|4.0
45|5135|4.5
45|5878|4.0
45|6331|3.0
45|6867|4.0
45|7139|3.5
45|7153|3.0
45|8228|2.5
45|8607|4.0
45|33166|3.0
45|33639|3.0
45|45440|4.0
45|47610|3.5
46|5|3.0
46|6|2.0
46|11|4.0
46|21|5.0
46|25|5.0
46|32|3.0
46|36|5.0
46|39|3.0
46|45|5.0
46|47|3.0
46|50|4.0
46|52|5.0
46|57|4.0
46|58|4.0
46|62|4.0
46|64|1.0
46|65|1.0
46|95|3.0
46|102|3.0
46|111|4.0
46|122|1.0
46|125|5.0
46|141|5.0
46|144|4.0
46|150|3.0
46|156|4.0
46|157|4.0
46|162|4.0
46|171|4.0
46|176|5.0
46|185|3.0
46|186|3.0
46|194|4.0
46|195|3.0
46|203|2.0
46|206|5.0
46|208|3.0
46|223|5.0
46|224|3.0
46|225|1.0
46|231|1.0
46|232|4.0
46|233|5.0
46|234|4.0
46|235|5.0
46|246|5.0
46|248|3.0
46|253|3.0
46|256|2.0
46|265|4.0
46|272|4.0
46|275|3.0
46|282|2.0
46|288|3.0
46|292|3.0
46|296|5.0
46|300|5.0
46|305|4.0
46|312|3.0
46|315|1.0
46|316|2.0
46|322|5.0
46|333|2.0
46|337|4.0
46|339|3.0
46|342|3.0
46|344|4.0
46|345|4.0
46|348|4.0
46|350|3.0
46|351|3.0
46|356|3.0
46|357|5.0
46|360|2.0
46|367|3.0
46|370|4.0
46|372|5.0
46|378|4.0
46|380|1.0
46|413|3.0
46|417|3.0
46|420|3.0
46|433|1.0
46|434|2.0
46|435|3.0
46|440|4.0
46|442|3.0
46|445|4.0
46|454|3.0
46|457|3.0
46|466|4.0
46|475|3.0
46|480|3.0
46|489|1.0
46|500|3.0
46|508|4.0
46|514|5.0
46|520|3.0
46|527|5.0
46|529|4.0
46|532|3.0
46|538|5.0
46|539|4.0
46|542|3.0
46|543|4.0
46|587|4.0
46|597|3.0
46|608|5.0
46|627|1.0
46|708|4.0
46|736|3.0
46|742|4.0
46|778|4.0
46|780|3.0
46|830|3.0
46|833|3.0
46|1043|3.0
46|1054|3.0
46|1366|4.0
46|1425|2.0
46|1459|2.0
46|1580|4.0
47|1|1.0
47|34|0.5
47|47|3.0
47|88|4.5
47|110|3.0
47|208|2.0
47|231|0.5
47|253|3.0
47|262|2.0
47|292|3.5
47|296|4.0
47|303|3.0
47|318|3.5
47|344|1.0
47|356|1.5
47|364|1.0
47|367|0.5
47|383|0.5
47|480|3.5
47|593|4.0
47|597|0.5
47|608|4.5
47|733|0.5
47|736|1.5
47|780|2.5
47|1013|2.0
47|1073|3.0
47|1136|4.0
47|1197|5.0
47|1210|3.0
47|1265|3.0
47|1580|1.0
47|1721|2.5
47|2301|5.0
47|2719|1.0
47|2762|2.5
47|2857|2.5
47|2858|3.0
47|3157|0.5
47|3186|3.0
47|3301|0.5
47|3360|0.5
47|3396|4.0
47|3893|1.5
47|4002|4.0
47|4023|0.5
47|4306|3.5
47|4993|4.5
47|5952|4.0
47|66130|3.5
48|6|4.0
48|14|3.0
48|17|4.0
48|25|5.0
48|43|5.0
48|47|4.0
48|50|5.0
48|52|4.0
48|62|4.0
48|94|4.0
48|110|4.0
48|111|4.0
48|141|3.0
48|144|4.0
48|151|4.0
48|171|3.0
48|223|3.0
48|230|3.0
48|232|4.0
48|246|4.0
48|247|4.0
48|249|4.0
48|260|4.0
48|265|3.0
48|272|4.0
48|296|5.0
48|307|3.0
48|318|5.0
48|319|4.0
48|326|4.0
48|357|4.0
48|369|4.0
48|373|4.0
48|380|3.0
48|412|4.0
48|417|3.0
48|428|4.0
48|431|4.0
48|452|3.0
48|468|4.0
48|475|3.0
48|497|4.0
48|509|3.0
48|515|4.0
48|527|5.0
48|529|4.0
48|534|3.0
48|535|3.0
48|541|3.0
48|590|4.0
48|593|5.0
48|608|4.0
48|648|2.0
48|708|3.0
48|720|4.0
48|750|4.0
48|780|3.0
48|800|5.0
48|830|3.0
48|852|4.0
48|858|5.0
48|919|4.0
48|923|4.0
48|924|4.0
48|1035|4.0
48|1073|4.0
48|1077|4.0
48|1079|4.0
48|1080|3.0
48|1089|4.0
48|1090|5.0
48|1094|5.0
48|1097|5.0
48|1103|4.0
48|1136|4.0
48|1150|5.0
48|1161|4.0
48|1172|5.0
48|1183|5.0
48|1193|4.0
48|1196|3.0
48|1197|4.0
48|1198|4.0
48|1199|3.0
48|1200|3.0
48|1206|3.0
48|1208|5.0
48|1210|3.0
48|1211|5.0
48|1213|5.0
48|1214|3.0
48|1221|5.0
48|1224|4.0
48|1225|5.0
48|1233|5.0
48|1240|3.0
48|1246|4.0
48|1250|4.0
48|1259|3.0
49|50|5.0
49|163|3.5
49|216|3.0
49|296|5.0
49|333|3.0
49|475|4.5
49|527|3.5
49|593|4.0
49|610|4.0
49|785|3.5
49|849|2.5
49|1093|3.0
49|1129|3.0
49|1198|4.0
49|1203|4.0
49|1213|4.0
49|1339|3.0
49|1358|4.0
49|2019|4.5
49|2302|3.0
49|2541|3.5
49|2571|4.0
49|2858|3.5
49|2985|4.0
49|4226|4.0
49|4310|3.5
49|5618|4.0
49|7502|5.0
49|58559|4.0
49|79132|4.5
50|32|4.0
50|39|3.5
50|47|4.0
50|150|3.5
50|215|5.0
50|296|5.0
50|308|4.0
50|318|4.0
50|319|3.0
50|344|2.0
50|356|4.5
50|357|4.0
50|372|5.0
50|497|4.0
50|539|4.0
50|541|4.0
50|551|4.0
50|589|4.5
50|590|3.5
50|593|4.0
50|597|3.5
50|608|4.0
50|910|3.5
50|912|5.0
50|923|3.5
50|924|5.0
50|1080|5.0
50|1094|4.0
50|1097|4.0
50|1136|5.0
50|1183|4.0
50|1193|4.5
50|1206|4.0
50|1208|4.5
50|1246|4.5
50|1259|5.0
50|1270|5.0
50|1279|4.5
50|1282|4.0
50|1354|4.0
50|1387|4.0
50|1391|3.5
50|1407|3.0
50|1527|4.0
50|1584|4.0
50|1635|4.0
50|1721|4.0
50|1884|5.0
50|2019|4.0
50|2081|4.5
50|2145|5.0
50|2174|4.0
50|2291|5.0
50|2571|4.0
50|2692|4.0
50|2710|2.0
50|2762|4.0
50|2843|4.0
50|2858|4.0
50|2959|5.0
50|2976|4.5
50|2997|4.0
50|3147|3.0
50|3148|4.0
50|3578|4.0
50|3863|3.5
50|3949|5.0
50|3996|5.0
50|4022|3.0
50|4235|4.0
50|4306|4.0
50|4886|4.5
50|4973|5.0
50|5618|5.0
50|5878|5.0
50|5952|4.0
50|6104|4.0
50|6539|4.0
50|6711|5.0
50|6874|5.0
50|7147|4.0
50|7153|4.0
50|7361|5.0
50|7365|4.0
50|7438|5.0
50|8638|5.0
50|8784|3.0
50|8983|4.0
50|27266|4.0
50|27721|3.5
50|30707|3.5
50|30810|5.0
50|31658|4.0
50|33166|3.5
50|36276|3.0
50|36529|5.0
50|48043|3.5
50|48394|5.0
50|48516|4.5
51|19|3.0
51|47|5.0
51|50|5.0
51|70|3.0
51|231|5.0
51|296|5.0
51|318|5.0
51|344|5.0
51|367|4.0
51|463|2.0
51|592|4.0
51|593|4.0
51|608|4.0
51|784|4.0
51|999|4.0
51|1079|4.0
51|1089|4.0
51|1091|3.0
51|1129|3.0
51|1179|3.0
51|1196|5.0
51|1197|5.0
51|1198|4.0
51|1200|4.0
51|1213|3.0
51|1214|2.0
51|1220|5.0
51|1247|4.0
51|1257|4.0
51|1259|4.0
51|1270|3.0
51|1291|4.0
51|1297|4.0
51|1377|4.0
51|1378|4.0
51|1394|4.0
51|1407|5.0
51|1461|2.0
51|1500|4.0
51|1562|3.0
51|1573|3.0
51|1616|4.0
51|1617|3.0
51|1620|3.0
51|1663|4.0
51|1682|5.0
51|1717|4.0
51|1721|5.0
51|1729|3.0
51|1805|5.0
51|1912|3.0
51|1918|4.0
51|1923|5.0
51|1961|5.0
51|1968|5.0
51|2000|4.0
51|2001|4.0
51|2002|3.0
51|2005|2.0
51|2011|2.0
51|2012|3.0
51|2054|3.0
51|2088|2.0
51|2100|2.0
51|2109|4.0
51|2115|4.0
51|2134|4.0
51|2174|2.0
51|2268|5.0
51|2371|5.0
51|2372|4.0
51|2375|2.0
51|2378|3.0
51|2387|2.0
51|2395|3.0
51|2405|3.0
51|2406|3.0
51|2416|2.0
51|2421|1.0
51|2422|1.0
51|2423|5.0
51|2447|4.0
51|2455|3.0
51|2457|3.0
51|2463|4.0
51|2468|2.0
51|2470|3.0
51|2471|3.0
51|2473|4.0
51|2478|4.0
51|2616|4.0
51|2628|5.0
51|2643|1.0
51|2716|4.0
51|2717|2.0
51|2735|2.0
51|2762|5.0
51|2763|4.0
51|2791|4.0
51|2794|3.0
51|2795|5.0
51|2817|1.0
52|19|3.0
52|34|4.0
52|110|4.0
52|111|3.0
52|160|3.0
52|253|3.0
52|266|4.0
52|296|3.0
52|356|3.0
52|364|3.0
52|380|4.0
52|410|4.0
52|435|3.0
52|454|4.0
52|457|4.0
52|480|5.0
52|588|3.0
52|590|3.0
52|592|2.0
52|593|2.0
53|1|4.0
53|21|5.0
53|29|5.0
53|32|4.0
53|41|4.0
53|50|5.0
53|58|5.0
53|62|1.0
53|78|3.0
53|100|4.0
53|114|4.0
53|124|5.0
53|149|5.0
53|159|3.0
53|162|5.0
53|175|4.0
53|213|5.0
53|229|5.0
53|230|5.0
53|232|5.0
53|263|4.0
53|272|3.0
53|296|3.0
53|299|3.0
53|309|5.0
53|314|3.0
53|316|1.0
53|318|3.0
53|326|4.0
53|334|4.0
53|337|4.0
53|342|5.0
53|345|5.0
53|385|4.0
53|446|5.0
53|471|2.0
53|472|5.0
53|480|3.0
53|488|5.0
53|509|3.0
53|515|4.0
53|527|4.0
53|535|4.0
53|549|5.0
53|562|4.0
53|570|4.0
53|573|4.0
53|583|5.0
53|601|4.0
53|608|5.0
53|678|4.0
53|705|5.0
53|720|5.0
53|722|4.0
53|766|3.0
53|778|4.0
53|800|5.0
53|806|5.0
53|837|4.0
53|848|2.0
53|850|5.0
53|858|4.0
53|904|5.0
53|912|3.0
53|913|5.0
53|923|5.0
53|924|4.0
53|969|5.0
53|991|4.0
53|994|5.0
53|1041|5.0
53|1050|5.0
53|1058|4.0
53|1077|4.0
53|1084|4.0
53|1094|4.0
53|1095|5.0
53|1096|5.0
53|1097|5.0
53|1114|4.0
53|1124|3.0
53|1131|3.0
53|1132|3.0
53|1150|3.0
53|1172|5.0
53|1175|5.0
53|1179|4.0
53|1183|4.0
53|1185|4.0
53|1187|4.0
53|1189|5.0
53|1192|5.0
53|1193|4.0
53|1198|3.0
53|1203|5.0
53|1207|5.0
53|1208|5.0
53|1217|5.0
53|1219|5.0
53|1221|4.0
53|1225|5.0
53|1227|3.0
53|1228|3.0
53|1233|4.0
53|1234|4.0
53|1244|5.0
53|1245|4.0
53|1247|5.0
53|1251|4.0
53|1256|3.0
53|1263|3.0
53|1271|5.0
53|1272|3.0
53|1273|5.0
53|1276|4.0
53|1279|5.0
53|1280|3.0
53|1287|2.0
53|1296|4.0
53|1299|5.0
53|1300|5.0
53|1305|5.0
53|1333|5.0
53|1354|4.0
53|1358|3.0
53|1366|4.0
53|1394|5.0
53|1406|3.0
53|1415|3.0
53|1446|4.0
53|1480|4.0
53|1486|4.0
53|1511|5.0
53|1533|5.0
53|1537|5.0
53|1542|5.0
53|1545|4.0
53|1580|5.0
53|1584|3.0
53|1594|4.0
53|1611|5.0
53|1617|4.0
53|1633|2.0
53|1635|5.0
53|1639|2.0
53|1641|5.0
53|1649|5.0
53|1650|3.0
53|1660|4.0
53|1676|1.0
53|1682|4.0
53|1694|5.0
53|1695|3.0
53|1701|4.0
53|1711|5.0
53|1719|5.0
53|1721|2.0
53|1734|5.0
53|1747|5.0
53|1784|3.0
53|1788|5.0
53|1810|3.0
53|1834|4.0
53|1846|5.0
53|1860|5.0
53|1871|4.0
53|1904|5.0
53|1913|5.0
53|1914|4.0
53|1945|5.0
53|1952|5.0
53|1953|5.0
53|1955|3.0
53|1957|3.0
53|1961|3.0
53|1962|4.0
53|2009|5.0
53|2028|2.0
53|2065|5.0
53|2067|3.0
53|2069|4.0
53|2076|3.0
53|2132|5.0
53|2243|4.0
53|2272|5.0
53|2323|4.0
53|2324|5.0
53|2352|3.0
53|2357|4.0
53|2391|4.0
53|2396|5.0
53|2400|4.0
53|2439|5.0
53|2481|5.0
53|2489|4.0
53|2524|1.0
53|2682|5.0
53|2716|3.0
53|2728|2.0
53|2732|4.0
53|2734|3.0
53|2858|4.0
53|2929|3.0
53|2931|5.0
53|2938|4.0
53|2943|5.0
54|1|4.0
54|2|3.0
54|5|3.0
54|6|3.0
54|10|4.0
54|11|5.0
54|16|2.0
54|17|2.0
54|18|3.0
54|20|3.0
54|21|2.0
54|22|3.0
54|25|2.0
54|32|5.0
54|34|2.0
54|36|5.0
54|39|2.0
54|47|4.0
54|50|4.0
54|52|4.0
54|70|4.0
54|89|4.0
54|95|2.0
54|110|5.0
54|111|3.0
54|122|2.0
54|125|3.0
54|135|2.0
54|150|3.0
54|153|4.0
54|160|3.0
54|161|4.0
54|163|4.0
54|165|5.0
54|185|3.0
54|186|3.0
54|195|2.0
54|196|4.0
54|204|2.0
54|223|5.0
54|225|4.0
54|235|3.0
54|236|3.0
54|249|2.0
54|252|3.0
54|260|4.0
54|272|2.0
54|288|1.0
54|292|5.0
54|296|5.0
54|300|2.0
54|303|4.0
54|306|1.0
54|316|3.0
54|318|5.0
54|329|4.0
54|337|3.0
54|339|4.0
54|344|1.0
54|348|3.0
54|349|4.0
54|350|3.0
54|356|5.0
54|357|3.0
54|360|2.0
54|367|4.0
54|368|3.0
54|370|3.0
54|377|4.0
54|379|4.0
54|380|4.0
54|410|3.0
54|426|2.0
54|435|3.0
54|440|4.0
54|442|4.0
54|454|4.0
54|457|5.0
54|474|4.0
54|479|4.0
54|480|5.0
54|494|4.0
54|517|2.0
54|527|5.0
54|539|4.0
54|540|3.0
54|541|3.0
54|543|4.0
54|544|2.0
54|551|3.0
54|552|4.0
54|562|2.0
54|581|4.0
54|585|3.0
54|586|3.0
54|587|4.0
54|589|5.0
54|590|5.0
54|592|5.0
54|593|5.0
54|597|3.0
54|608|5.0
54|612|2.0
54|640|2.0
54|648|3.0
54|671|2.0
54|695|3.0
54|708|3.0
54|719|3.0
54|733|4.0
54|736|4.0
54|748|4.0
54|750|3.0
54|780|5.0
54|785|3.0
54|786|4.0
54|788|3.0
54|798|2.0
54|799|4.0
54|800|3.0
54|830|2.0
54|832|5.0
54|836|2.0
54|838|2.0
54|849|3.0
54|858|5.0
54|861|4.0
54|866|4.0
54|885|2.0
54|921|2.0
54|924|2.0
54|968|4.0
54|994|3.0
54|1003|3.0
54|1005|3.0
54|1013|3.0
54|1017|4.0
54|1025|3.0
54|1028|3.0
54|1036|5.0
54|1041|3.0
54|1042|3.0
54|1047|3.0
54|1049|3.0
54|1073|3.0
54|1077|4.0
54|1079|4.0
54|1081|3.0
54|1082|4.0
54|1084|4.0
54|1088|3.0
54|1089|5.0
54|1090|4.0
54|1091|2.0
54|1092|3.0
54|1097|5.0
54|1101|4.0
54|1113|3.0
54|1120|4.0
54|1124|5.0
54|1127|4.0
54|1128|4.0
54|1129|3.0
54|1130|4.0
54|1135|3.0
54|1136|4.0
54|1148|3.0
54|1173|1.0
54|1179|2.0
54|1186|4.0
54|1196|4.0
54|1197|5.0
54|1198|5.0
54|1200|5.0
54|1201|4.0
54|1203|4.0
54|1204|4.0
54|1207|4.0
54|1210|3.0
54|1213|3.0
54|1214|5.0
54|1215|4.0
54|1219|4.0
54|1221|4.0
54|1228|3.0
54|1230|3.0
54|1234|4.0
54|1240|5.0
54|1242|5.0
54|1246|3.0
54|1247|5.0
54|1252|4.0
54|1258|3.0
54|1259|4.0
54|1265|3.0
54|1267|4.0
54|1270|5.0
54|1272|2.0
54|1275|4.0
54|1278|4.0
54|1286|5.0
54|1288|5.0
54|1291|5.0
54|1292|2.0
54|1297|3.0
54|1299|3.0
54|1302|5.0
54|1304|5.0
54|1307|4.0
54|1320|4.0
54|1321|4.0
54|1327|3.0
54|1331|3.0
54|1333|4.0
54|1343|4.0
54|1345|4.0
54|1347|4.0
54|1353|3.0
54|1356|5.0
54|1358|5.0
54|1361|4.0
54|1367|3.0
54|1370|5.0
54|1371|4.0
54|1372|4.0
54|1373|3.0
54|1374|5.0
54|1375|4.0
54|1376|5.0
54|1377|4.0
54|1385|4.0
54|1387|5.0
54|1388|3.0
54|1391|3.0
54|1393|5.0
54|1395|4.0
54|1396|4.0
54|1401|2.0
54|1405|2.0
54|1407|3.0
54|1408|4.0
54|1409|3.0
54|1414|3.0
54|1422|3.0
54|1427|2.0
54|1438|4.0
54|1459|3.0
54|1466|3.0
54|1479|2.0
54|1485|4.0
54|1487|3.0
54|1488|3.0
54|1499|3.0
54|1513|3.0
54|1515|3.0
54|1517|4.0
54|1518|4.0
54|1527|4.0
54|1541|2.0
54|1544|3.0
54|1552|3.0
54|1556|1.0
54|1562|3.0
54|1566|4.0
54|1569|2.0
54|1573|4.0
54|1580|4.0
54|1584|4.0
54|1587|4.0
54|1590|3.0
54|1591|3.0
54|1594|3.0
54|1597|3.0
54|1598|1.0
54|1603|4.0
54|1608|4.0
54|1610|3.0
54|1614|2.0
54|1616|4.0
54|1617|5.0
54|1620|4.0
54|1625|4.0
54|1626|2.0
54|1627|2.0
54|1633|3.0
54|1639|3.0
54|1641|4.0
54|1643|4.0
54|1653|3.0
54|1661|3.0
54|1663|3.0
54|1674|4.0
54|1676|4.0
54|1680|3.0
54|1683|2.0
54|1690|3.0
54|1694|2.0
54|1701|4.0
54|1702|2.0
54|1717|2.0
54|1719|2.0
54|1722|4.0
54|1729|4.0
54|1732|3.0
54|1752|3.0
54|1754|4.0
54|1777|2.0
54|1779|3.0
54|1784|1.0
54|1801|4.0
54|1805|3.0
54|1831|4.0
54|1841|2.0
54|1845|2.0
54|1848|3.0
54|1876|5.0
54|1881|3.0
54|1883|4.0
54|1888|1.0
54|1892|4.0
54|1894|3.0
54|1909|4.0
54|1911|3.0
54|1912|3.0
54|1917|4.0
54|1920|3.0
54|1923|4.0
54|1947|3.0
54|1950|3.0
54|1952|5.0
54|1953|3.0
54|1954|5.0
54|1955|5.0
54|1956|3.0
54|1957|1.0
54|1959|2.0
54|1963|4.0
54|1967|3.0
54|1968|3.0
54|1970|2.0
54|1974|3.0
54|1975|2.0
54|1982|3.0
54|1983|3.0
54|1984|3.0
54|1991|4.0
54|1994|4.0
54|1995|3.0
54|1996|2.0
54|1997|5.0
54|2001|4.0
54|2002|3.0
54|2003|4.0
54|2005|4.0
54|2006|4.0
54|2009|3.0
54|2011|4.0
54|2012|4.0
54|2013|4.0
54|2015|4.0
54|2021|1.0
54|2026|2.0
54|2028|5.0
54|2034|2.0
54|2053|3.0
54|2054|4.0
54|2056|4.0
54|2058|3.0
54|2064|3.0
54|2067|3.0
54|2071|5.0
54|2072|3.0
54|2088|2.0
54|2094|4.0
54|2100|4.0
54|2105|3.0
54|2108|3.0
54|2109|3.0
54|2110|4.0
54|2115|4.0
54|2118|4.0
54|2119|2.0
54|2124|4.0
54|2126|3.0
54|2132|4.0
54|2133|4.0
54|2134|3.0
54|2143|3.0
54|2144|4.0
54|2148|3.0
54|2149|2.0
54|2153|1.0
54|2160|5.0
54|2161|4.0
54|2163|4.0
54|2170|3.0
54|2173|2.0
54|2174|4.0
54|2193|3.0
54|2194|4.0
54|2243|2.0
54|2245|4.0
54|2248|3.0
54|2252|3.0
54|2253|3.0
54|2255|3.0
54|2259|3.0
54|2263|3.0
54|2264|4.0
54|2278|3.0
54|2279|2.0
54|2288|5.0
54|2291|3.0
54|2300|4.0
54|2301|3.0
54|2311|3.0
54|2321|4.0
54|2324|3.0
54|2336|4.0
54|2344|3.0
54|2346|4.0
54|2352|4.0
54|2353|3.0
54|2355|4.0
54|2367|4.0
54|2369|3.0
54|2371|3.0
54|2374|3.0
54|2376|3.0
54|2378|3.0
54|2379|2.0
54|2382|1.0
54|2383|2.0
54|2385|2.0
54|2390|2.0
54|2391|5.0
54|2393|4.0
54|2396|2.0
54|2399|3.0
54|2401|4.0
54|2405|3.0
54|2406|4.0
54|2407|4.0
54|2408|3.0
54|2409|4.0
54|2410|4.0
54|2411|2.0
54|2412|2.0
54|2413|3.0
54|2416|3.0
54|2419|4.0
54|2420|5.0
54|2421|4.0
54|2422|3.0
54|2424|3.0
54|2427|3.0
54|2428|4.0
54|2439|1.0
54|2449|2.0
54|2450|2.0
54|2455|5.0
54|2457|4.0
54|2458|2.0
54|2463|4.0
54|2467|4.0
54|2468|2.0
54|2469|4.0
54|2470|4.0
54|2471|3.0
54|2475|3.0
54|2478|3.0
54|2496|3.0
54|2501|3.0
54|2513|3.0
54|2518|3.0
54|2520|4.0
54|2521|3.0
54|2522|3.0
54|2524|5.0
54|2526|3.0
54|2527|4.0
54|2528|4.0
54|2529|4.0
54|2537|2.0
54|2551|3.0
54|2561|3.0
54|2567|3.0
54|2568|1.0
54|2571|5.0
54|2581|3.0
54|2599|3.0
54|2605|3.0
54|2616|3.0
54|2617|4.0
54|2628|3.0
54|2640|5.0
54|2641|5.0
54|2642|1.0
54|2643|4.0
54|2659|4.0
54|2668|4.0
54|2671|4.0
54|2683|4.0
54|2688|2.0
54|2694|2.0
54|2699|4.0
54|2701|2.0
54|2706|2.0
54|2707|4.0
54|2717|3.0
54|2718|3.0
54|2719|3.0
54|2722|3.0
54|2723|3.0
54|2724|2.0
54|2728|4.0
54|2735|3.0
54|2746|3.0
54|2762|5.0
54|2763|3.0
54|2770|3.0
54|2779|5.0
54|2787|4.0
54|2791|5.0
54|2792|3.0
54|2794|2.0
54|2795|4.0
54|2797|4.0
54|2802|2.0
54|2803|4.0
54|2804|5.0
54|2819|4.0
54|2826|3.0
54|2840|3.0
54|2851|3.0
54|2852|3.0
54|2857|4.0
54|2858|5.0
54|2863|4.0
54|2871|5.0
54|2872|4.0
54|2877|4.0
54|2881|4.0
54|2889|2.0
54|2890|5.0
54|2908|3.0
54|2915|4.0
54|2916|4.0
54|2917|4.0
54|2918|4.0
54|2922|3.0
54|2942|4.0
54|2944|4.0
54|2946|5.0
54|2947|5.0
54|2948|4.0
54|2949|4.0
54|2950|2.0
54|2951|3.0
54|2968|4.0
54|2985|4.0
54|2987|5.0
54|2989|3.0
54|2990|4.0
54|2991|4.0
54|2993|4.0
54|2997|4.0
54|3005|4.0
54|3006|5.0
54|3016|4.0
54|3017|3.0
54|3029|4.0
54|3033|3.0
54|3037|5.0
54|3039|4.0
54|3040|3.0
54|3041|2.0
54|3052|3.0
54|3068|4.0
54|3072|3.0
54|3074|3.0
54|3082|3.0
54|3087|3.0
54|3098|4.0
54|3101|4.0
54|3102|4.0
54|3107|3.0
54|3108|2.0
54|3113|3.0
54|3114|5.0
54|3129|1.0
54|3147|4.0
54|3148|2.0
54|3152|3.0
54|3174|3.0
54|3175|4.0
54|3176|3.0
54|3178|4.0
54|3194|4.0
54|3197|3.0
54|3198|2.0
54|3203|4.0
54|3204|3.0
54|3206|3.0
54|3210|3.0
54|3219|4.0
54|3244|4.0
54|3247|4.0
54|3251|3.0
54|3253|4.0
54|3255|4.0
54|3256|3.0
54|3264|3.0
54|3274|3.0
54|3285|3.0
54|3296|4.0
54|3301|2.0
54|3308|3.0
54|3354|4.0
54|3361|5.0
54|3362|4.0
54|3363|4.0
54|3384|5.0
54|3386|5.0
54|3387|3.0
54|3388|3.0
54|3401|3.0
54|3403|3.0
54|3420|4.0
54|3421|4.0
54|3438|2.0
54|3445|3.0
54|3448|4.0
54|3450|3.0
54|3451|4.0
54|3469|5.0
54|3471|5.0
54|3479|4.0
54|3481|2.0
54|3489|2.0
54|3501|3.0
54|3504|3.0
54|3505|4.0
54|3507|4.0
54|3508|4.0
54|3524|4.0
54|3526|5.0
54|3527|5.0
54|3529|3.0
54|3536|3.0
54|3551|4.0
54|3552|4.0
54|3578|4.0
54|3591|4.0
54|3608|3.0
54|3623|4.0
54|3633|3.0
54|3634|4.0
54|3635|3.0
54|3638|2.0
54|3649|3.0
54|3654|3.0
54|3671|5.0
54|3681|3.0
54|3683|3.0
54|3685|4.0
54|3686|3.0
54|3697|4.0
54|3698|3.0
54|3699|4.0
54|3701|4.0
54|3702|3.0
54|3704|3.0
54|3706|3.0
54|3708|3.0
54|3710|3.0
54|3712|4.0
54|3724|4.0
54|3727|4.0
54|3733|5.0
54|3735|3.0
54|3740|4.0
54|3751|4.0
54|3760|4.0
54|3763|4.0
54|3769|4.0
54|3771|4.0
54|3784|4.0
54|3793|4.0
54|3812|4.0
54|3826|3.0
54|3827|4.0
54|3836|4.0
54|3863|3.0
54|3868|5.0
54|3869|4.0
54|3877|2.0
54|3884|2.0
54|3897|3.0
54|3927|4.0
54|3937|3.0
54|3952|5.0
54|3959|5.0
54|3977|3.0
54|3984|3.0
54|4002|5.0
54|4005|4.0
54|4007|4.0
54|4009|3.0
54|5060|4.0
55|110|4.0
55|203|2.0
55|260|5.0
55|457|4.0
55|480|4.0
55|858|5.0
55|940|4.0
55|969|4.0
55|1196|5.0
55|1197|3.0
55|1198|5.0
55|1200|4.0
55|1221|5.0
55|1240|4.0
55|1287|5.0
55|1374|4.0
55|1387|5.0
55|1721|5.0
55|1923|3.0
55|1939|3.0
55|1954|5.0
55|2028|5.0
55|2194|3.0
55|2529|4.0
55|2795|4.0
55|2944|4.0
55|2947|5.0
55|2948|4.0
55|2951|4.0
55|3062|4.0
56|11|3.0
56|16|3.0
56|25|4.0
56|36|3.0
56|39|3.0
56|45|3.0
56|47|4.0
56|50|5.0
56|69|4.0
56|110|5.0
56|125|5.0
56|161|2.0
56|164|3.0
56|177|2.0
56|180|3.0
56|186|2.0
56|215|3.0
56|223|4.0
56|246|5.0
56|266|4.0
56|293|3.0
56|296|5.0
56|318|5.0
56|322|2.0
56|356|4.0
56|366|3.0
56|368|1.0
56|380|3.0
56|441|4.0
56|457|2.0
56|497|2.0
56|501|3.0
56|527|3.0
56|529|4.0
56|555|5.0
56|593|5.0
56|608|4.0
56|628|4.0
56|647|2.0
56|648|4.0
56|714|2.0
56|724|4.0
56|778|4.0
56|799|3.0
56|912|5.0
56|991|3.0
56|1036|5.0
56|1059|5.0
56|1060|5.0
56|1061|3.0
56|1089|5.0
56|1090|4.0
56|1094|4.0
56|1095|5.0
56|1127|3.0
56|1179|4.0
56|1196|5.0
56|1200|3.0
56|1208|5.0
56|1210|3.0
56|1213|5.0
56|1222|4.0
56|1227|4.0
56|1237|5.0
56|1240|4.0
56|1242|4.0
56|1245|3.0
56|1250|4.0
56|1263|5.0
56|1265|3.0
56|1266|5.0
56|1298|4.0
56|1299|3.0
56|1339|3.0
56|1342|3.0
56|1393|5.0
56|1411|4.0
56|1488|1.0
56|1542|4.0
56|1594|3.0
56|1617|4.0
56|1625|3.0
56|1639|4.0
56|1641|3.0
56|1645|4.0
56|1673|3.0
56|1674|4.0
56|1676|3.0
56|1704|5.0
56|1784|2.0
56|1912|3.0
56|1923|5.0
56|1944|5.0
56|2028|3.0
56|2167|3.0
56|2288|4.0
56|2289|3.0
56|2291|3.0
56|2321|3.0
56|2322|4.0
56|2327|4.0
56|2329|4.0
56|2355|3.0
56|2396|4.0
56|2401|4.0
56|2427|2.0
56|2478|3.0
56|2502|4.0
56|2700|4.0
56|2710|4.0
56|2762|5.0
56|2858|3.0
56|2883|2.0
56|2890|3.0
56|2912|5.0
56|2917|4.0
56|2956|2.0
56|2959|1.0
56|2997|3.0
56|3006|3.0
56|3101|3.0
56|3102|4.0
56|3105|2.0
56|3147|4.0
56|3148|4.0
56|3160|4.0
56|3174|3.0
56|3176|3.0
56|3180|3.0
56|3186|3.0
56|3203|3.0
56|3261|3.0
56|3285|3.0
56|3298|2.0
56|3316|1.0
56|3326|2.0
56|3355|4.0
56|3358|4.0
56|3408|4.0
56|3426|4.0
56|3448|3.0
56|3452|3.0
56|3481|3.0
56|3505|4.0
56|3509|3.0
56|3535|5.0
56|3578|4.0
56|3617|3.0
56|3623|4.0
56|3685|3.0
56|3706|5.0
56|3717|1.0
56|3753|3.0
56|3793|2.0
56|3827|3.0
56|3897|4.0
56|3910|3.0
56|3916|4.0
56|3948|3.0
56|3978|2.0
56|3994|4.0
56|3996|5.0
56|4011|2.0
56|4020|4.0
56|4034|3.0
56|4041|5.0
56|4043|5.0
56|4061|2.0
56|4148|3.0
56|4153|3.0
56|4226|3.0
56|4228|3.0
56|4238|3.0
56|4239|2.0
56|4701|3.0
56|4718|2.0
56|4720|2.0
56|4734|4.0
56|5060|5.0
57|31|3.5
57|432|3.5
57|480|5.0
57|520|3.0
57|590|5.0
57|733|4.0
57|919|4.5
57|1101|4.0
57|1250|4.0
57|1276|4.5
57|1304|5.0
57|1408|5.0
57|1517|2.5
57|2005|4.5
57|2329|4.5
57|2502|4.5
57|3753|3.5
57|3793|3.0
57|4022|4.0
57|4027|4.0
57|4306|4.5
57|5952|3.5
57|6947|5.0
57|7458|4.0
58|1|5.0
58|6|4.5
58|11|4.5
58|16|4.0
58|21|5.0
58|32|5.0
58|34|5.0
58|36|4.0
58|45|3.5
58|47|5.0
58|50|5.0
58|79|4.0
58|89|4.0
58|110|5.0
58|111|5.0
58|151|5.0
58|161|4.0
58|162|5.0
58|163|3.0
58|165|5.0
58|170|4.0
58|172|3.5
58|185|4.0
58|190|4.0
58|194|4.5
58|207|3.0
58|208|1.0
58|218|1.5
58|223|4.5
58|224|4.0
58|225|4.0
58|230|5.0
58|231|4.0
58|233|3.5
58|235|3.5
58|246|3.5
58|247|3.5
58|253|5.0
58|265|4.0
58|266|4.0
58|272|5.0
58|273|4.0
58|282|3.0
58|288|5.0
58|292|4.0
58|293|3.0
58|296|5.0
58|300|4.0
58|303|2.5
58|314|3.5
58|315|3.0
58|316|3.0
58|317|3.5
58|318|5.0
58|322|3.5
58|337|4.0
58|342|4.0
58|348|4.5
58|349|5.0
58|350|4.0
58|353|4.0
58|356|4.5
58|357|4.5
58|361|4.5
58|367|5.0
58|373|5.0
58|376|4.0
58|377|5.0
58|380|4.0
58|382|4.0
58|426|4.0
58|427|3.0
58|428|4.0
58|431|3.5
58|434|3.0
58|440|5.0
58|448|4.0
58|454|4.0
58|455|4.5
58|457|5.0
58|468|4.0
58|474|5.0
58|480|4.0
58|481|5.0
58|485|0.5
58|500|3.5
58|508|3.5
58|509|4.0
58|512|5.0
58|517|3.5
58|527|5.0
58|531|4.0
58|539|5.0
58|540|2.0
58|541|5.0
58|543|3.0
58|551|5.0
58|552|3.5
58|553|4.5
58|555|4.0
58|586|1.0
58|587|5.0
58|589|5.0
58|590|4.5
58|593|5.0
58|608|5.0
58|628|5.0
58|661|4.0
58|678|5.0
58|733|4.0
58|736|4.0
58|745|5.0
58|748|4.0
58|750|5.0
58|780|2.0
58|785|4.5
58|786|4.0
58|800|5.0
58|802|5.0
58|805|4.0
58|832|4.5
58|852|4.5
58|858|5.0
58|898|3.0
58|903|5.0
58|904|5.0
58|908|5.0
58|913|5.0
58|920|5.0
58|922|5.0
58|923|5.0
58|924|5.0
58|950|5.0
58|953|5.0
58|954|5.0
58|965|5.0
58|968|4.0
58|969|4.5
58|994|5.0
58|1020|4.0
58|1027|3.0
58|1036|5.0
58|1079|3.0
58|1080|3.0
58|1081|5.0
58|1084|4.5
58|1086|5.0
58|1088|4.0
58|1089|5.0
58|1090|5.0
58|1092|5.0
58|1093|4.0
58|1094|4.0
58|1095|4.0
58|1096|4.0
58|1097|4.5
58|1101|3.5
58|1104|4.5
58|1124|4.0
58|1127|3.0
58|1129|3.0
58|1130|3.0
58|1136|4.0
58|1148|5.0
58|1172|4.5
58|1175|4.5
58|1179|5.0
58|1186|3.0
58|1193|4.5
58|1194|2.0
58|1197|4.0
58|1198|4.0
58|1199|4.0
58|1200|4.0
58|1201|5.0
58|1203|4.5
58|1206|5.0
58|1207|5.0
58|1208|5.0
58|1212|5.0
58|1213|5.0
58|1214|5.0
58|1217|4.5
58|1219|5.0
58|1221|5.0
58|1222|4.0
58|1225|4.0
58|1227|5.0
58|1228|5.0
58|1230|5.0
58|1231|3.5
58|1233|5.0
58|1234|5.0
58|1237|4.5
58|1238|4.0
58|1240|5.0
58|1242|4.0
58|1244|5.0
58|1247|5.0
58|1249|5.0
58|1250|4.5
58|1252|5.0
58|1258|5.0
58|1259|4.5
58|1262|4.5
58|1263|4.0
58|1264|5.0
58|1265|5.0
58|1266|5.0
58|1267|5.0
58|1271|2.5
58|1272|5.0
58|1275|4.0
58|1276|5.0
58|1278|5.0
58|1285|4.0
58|1288|4.0
58|1291|3.0
58|1292|3.5
58|1296|5.0
58|1299|5.0
58|1302|4.5
58|1303|4.5
58|1304|5.0
58|1320|4.5
58|1321|5.0
58|1329|5.0
58|1333|5.0
58|1339|4.5
58|1342|2.0
58|1343|5.0
58|1344|5.0
58|1345|5.0
58|1347|3.0
58|1350|5.0
58|1354|4.0
58|1357|4.0
58|1358|5.0
58|1370|4.0
58|1378|3.0
58|1387|5.0
58|1391|3.5
58|1393|4.0
58|1394|4.0
58|1396|3.5
58|1407|2.5
58|1408|4.0
58|1441|4.0
58|1449|3.5
58|1459|4.5
58|1479|3.5
58|1480|4.0
58|1485|4.0
58|1517|4.0
58|1518|4.0
58|1527|5.0
58|1544|4.0
58|1552|4.0
58|1573|4.0
58|1580|4.0
58|1586|4.5
58|1597|5.0
58|1603|5.0
58|1608|4.5
58|1610|4.0
58|1615|3.0
58|1617|5.0
58|1625|3.5
58|1635|4.5
58|1639|4.0
58|1641|4.5
58|1645|4.0
58|1653|4.5
58|1674|5.0
58|1678|3.5
58|1682|3.5
58|1687|3.0
58|1693|4.0
58|1704|5.0
58|1711|3.5
58|1721|4.0
58|1729|4.5
58|1747|3.5
58|1748|4.0
58|1779|3.0
58|1784|5.0
58|1834|4.0
58|1882|2.5
58|1883|2.5
58|1884|3.0
58|1894|3.0
58|1909|3.5
58|1917|2.0
58|1921|4.5
58|1923|4.5
58|1945|5.0
58|1953|5.0
58|1954|5.0
58|1956|4.0
58|1957|4.0
58|1958|4.0
58|1959|4.0
58|1960|4.5
58|1961|4.0
58|1962|4.5
58|1965|4.0
58|1968|1.0
58|1994|4.0
58|1997|5.0
58|2000|3.5
58|2003|3.0
58|2009|3.0
58|2019|5.0
58|2020|4.0
58|2021|4.0
58|2023|4.0
58|2028|5.0
58|2053|3.0
58|2054|3.0
58|2065|4.5
58|2076|5.0
58|2097|4.0
58|2108|4.0
58|2116|5.0
58|2118|5.0
58|2120|4.0
58|2122|1.0
58|2139|4.0
58|2150|4.0
58|2160|5.0
58|2161|4.0
58|2174|4.5
58|2176|5.0
58|2178|4.0
58|2182|4.0
58|2184|5.0
58|2186|5.0
58|2193|3.5
58|2194|3.0
58|2202|4.0
58|2243|5.0
58|2245|4.5
58|2248|3.5
58|2268|4.0
58|2278|4.0
58|2288|5.0
58|2289|5.0
58|2291|4.5
58|2302|4.0
58|2313|4.0
58|2321|3.5
58|2329|4.0
58|2340|5.0
58|2344|4.0
58|2346|4.0
58|2349|4.0
58|2352|4.0
58|2366|5.0
58|2369|4.5
58|2384|4.0
58|2391|4.0
58|2396|4.5
58|2406|3.5
58|2407|4.5
58|2420|4.0
58|2421|2.0
58|2455|5.0
58|2459|4.0
58|2468|3.0
58|2469|4.0
58|2470|4.0
58|2474|3.5
58|2490|4.0
58|2501|3.5
58|2517|4.0
58|2527|4.0
58|2542|5.0
58|2550|4.0
58|2551|5.0
58|2571|5.0
58|2616|3.5
58|2617|4.0
58|2640|4.5
58|2644|5.0
58|2648|5.0
58|2664|5.0
58|2671|5.0
58|2672|4.0
58|2683|4.5
58|2686|4.5
58|2692|5.0
58|2699|4.0
58|2701|1.0
58|2702|3.0
58|2707|4.0
58|2710|4.0
58|2712|4.0
58|2716|4.0
58|2726|4.0
58|2729|4.0
58|2730|5.0
58|2739|4.0
58|2746|3.5
58|2761|4.5
58|2762|5.0
58|2770|4.0
58|2780|3.0
58|2791|4.0
58|2797|4.5
58|2803|3.5
58|2804|3.5
58|2819|5.0
58|2840|4.0
58|2858|4.5
58|2871|5.0
58|2872|4.0
58|2890|3.0
58|2900|5.0
58|2901|4.0
58|2908|4.5
58|2912|4.0
58|2916|5.0
58|2917|5.0
58|2944|4.5
58|2951|4.0
58|2952|5.0
58|2959|5.0
58|2968|3.5
58|2973|5.0
58|2976|4.0
58|2982|3.0
58|2985|4.0
58|2987|5.0
58|2997|4.5
58|3005|2.0
58|3006|4.0
58|3018|5.0
58|3019|4.0
58|3037|5.0
58|3052|3.0
58|3072|5.0
58|3081|4.0
58|3098|4.5
58|3100|4.5
58|3101|5.0
58|3104|5.0
58|3105|4.0
58|3107|3.5
58|3108|3.5
58|3113|2.0
58|3114|4.5
58|3147|5.0
58|3160|4.0
58|3168|4.5
58|3173|3.0
58|3175|4.5
58|3176|4.0
58|3203|5.0
58|3204|4.0
58|3247|3.0
58|3249|5.0
58|3252|5.0
58|3253|4.5
58|3254|5.0
58|3255|4.5
58|3256|4.0
58|3257|4.0
58|3260|4.5
58|3263|3.0
58|3267|4.0
58|3317|4.5
58|3328|3.0
58|3360|4.5
58|3361|4.0
58|3363|4.5
58|3386|4.0
58|3408|4.0
58|3418|4.0
58|3424|4.0
58|3435|5.0
58|3438|1.5
58|3448|3.0
58|3468|5.0
58|3471|5.0
58|3476|5.0
58|3481|4.0
58|3489|1.0
58|3499|5.0
58|3504|4.5
58|3505|4.0
58|3510|3.0
58|3513|3.0
58|3527|3.0
58|3534|2.0
58|3535|3.5
58|3536|4.0
58|3546|3.0
58|3550|4.0
58|3552|4.5
58|3555|3.0
58|3566|5.0
58|3576|4.0
58|3624|3.0
58|3676|5.0
58|3683|5.0
58|3686|3.0
58|3699|4.0
58|3702|4.5
58|3704|3.0
58|3706|5.0
58|3708|4.0
58|3740|3.0
58|3751|4.5
58|3752|1.0
58|3753|3.0
58|3755|4.0
58|3763|4.0
58|3770|4.0
58|3793|3.0
58|3798|4.0
58|3810|2.0
58|3863|5.0
58|3893|4.0
58|3911|5.0
58|3917|4.0
58|3932|5.0
58|3952|4.0
58|3986|4.0
58|3994|4.5
58|3996|5.0
58|4002|3.5
58|4007|4.5
58|4008|3.5
58|4011|5.0
58|4014|4.5
58|4016|3.0
58|4018|4.0
58|4019|4.0
58|4022|2.0
58|4025|3.0
58|4027|5.0
58|4030|4.0
58|4034|4.0
58|4037|4.0
58|4061|4.0
58|4082|4.0
58|4083|5.0
58|4084|2.0
58|4085|2.0
58|4086|5.0
58|4128|3.0
58|4148|4.0
58|4223|4.5
58|4226|5.0
58|4246|4.0
58|4262|4.0
58|4270|3.0
58|4299|2.0
58|4305|4.0
58|4308|3.5
58|4310|2.0
58|4318|5.0
58|4321|3.0
58|4326|3.0
58|4327|5.0
58|4333|4.0
58|4339|5.0
58|4349|5.0
58|4361|5.0
58|4370|3.5
58|4407|4.0
58|4410|5.0
58|4424|4.0
58|4425|1.0
58|4435|4.0
58|4436|2.0
58|4447|4.5
58|4480|4.0
58|4496|5.0
58|4553|5.0
58|4571|2.5
58|4629|2.0
58|4633|3.0
58|4638|4.5
58|4665|4.0
58|4670|5.0
58|4690|3.0
58|4720|4.5
58|4734|3.5
58|4744|1.0
58|4754|3.0
58|4776|3.0
58|4803|5.0
58|4808|3.0
58|4809|4.0
58|4811|5.0
58|4833|4.0
58|4835|4.0
58|4838|5.0
58|4848|4.5
58|4855|5.0
58|4862|3.0
58|4865|5.0
58|4901|4.0
58|4932|5.0
58|4956|3.0
58|4975|4.5
58|4993|5.0
58|5010|5.0
58|5029|4.0
58|5054|4.0
58|5060|5.0
58|5266|4.0
58|5299|3.5
58|5349|4.0
58|5377|3.0
58|5388|4.0
58|5418|5.0
58|5445|4.5
58|5464|4.0
58|5481|4.0
58|5673|3.5
58|5679|4.5
58|5902|4.5
58|5952|5.0
58|5956|4.5
58|6218|5.0
58|6323|4.5
58|6365|5.0
58|6373|3.5
58|6502|4.0
58|6537|4.5
58|6539|4.5
58|6565|4.5
58|6711|4.0
58|6807|4.0
58|6863|4.0
58|6870|5.0
58|6874|5.0
58|6934|4.5
58|7090|5.0
58|7143|5.0
58|7147|4.0
58|7153|5.0
58|7361|4.5
58|7438|5.0
58|8464|4.5
58|8622|4.5
58|8636|4.0
58|8644|3.5
58|8665|5.0
58|8784|4.5
58|8798|4.0
58|8949|4.5
58|30707|5.0
58|32587|4.5
58|33794|5.0
59|1|4.5
59|50|4.0
59|318|4.5
59|333|2.0
59|342|4.5
59|355|1.0
59|356|4.0
59|471|3.5
59|585|1.0
59|858|4.5
59|1094|3.0
59|1172|4.5
59|1230|4.0
59|1242|4.0
59|1265|3.5
59|1278|4.0
59|1302|4.0
59|1408|3.0
59|1747|3.0
59|2003|1.5
59|2100|4.0
59|2407|3.5
59|2890|2.5
59|3255|3.0
59|3911|4.0
